category,name,type,amenities_notes,location_level,parent_feedback,source,source_url
SHOPPING CENTRES,Alexandra Retail Mall,Nursing Room,Diaper changing station; Lockable nursing cubicle(s); Private room for one parent and baby; Family-friendly access,Levels 1 and 2 (near restrooms),Clean,BMSG,https://breastfeeding.org.sg/nursing-room-directory/
SHOPPING CENTRES,Buangkok Square Mall,Family Room,Diaper changing station; Suitable for a single pram; Wash basin; Water dispenser; Family-friendly access; Toddler seat,Near the water play area,Convenient for families visiting the nearby water play area,BMSG,https://breastfeeding.org.sg/nursing-room-directory/
SHOPPING CENTRES,Embassy of the Republic of the Philippines in Singapore,Nursing Room,Diaper changing station; Suitable for a single pram; Wash basin; Electrical power points; Water dispenser; Nursing area separated from changing area; Private room for one parent and baby,Within the embassy premises,Clean and spacious; Small waiting area outside the nursing room; Convenient for families visiting the embassy,BMSG,https://breastfeeding.org.sg/nursing-room-directory/
SHOPPING CENTRES,Forum Shopping Mall,Nursing Room,Diaper changing station; Lockable nursing cubicle(s); Wash basin; Electrical power points; Multiple nursing cubicles available; Family-friendly access,Level 1,Cushioned seating available; Disposable bags provided for diaper disposal,BMSG,https://breastfeeding.org.sg/nursing-room-directory/
SHOPPING CENTRES,IMM,Nursing Room,Diaper changing station; Lockable nursing cubicle(s); Suitable for a single pram; Suitable for a double pram; Wash basin; Water dispenser; Nursing area separated from changing area; Private room for one parent and baby; Multiple nursing cubicles available; Family-friendly access,,Family-friendly facility that supports breastfeeding in a comfortable environment,BMSG,https://breastfeeding.org.sg/nursing-room-directory/
SHOPPING CENTRES,Orchard Central,Nursing Room,Diaper changing station; Wash basin; Water dispenser; Private room for one parent and baby,Basement 1,Diaper changing facility available within the mall,BMSG,https://breastfeeding.org.sg/nursing-room-directory/
SHOPPING CENTRES,Paragon,Nursing Room,Diaper changing station; Lockable nursing cubicle(s); Suitable for a single pram; Wash basin; Water dispenser; Nursing area separated from changing area; Private room for one parent and baby; Multiple nursing cubicles available; Family-friendly access,,"Clean, well-equipped and conveniently located",BMSG,https://breastfeeding.org.sg/nursing-room-directory/
SHOPPING CENTRES,Parkway Parade,Nursing Room,Diaper changing station; Lockable nursing cubicle(s); Electrical power points; Water dispenser; Nursing area separated from changing area; Private room for one parent and baby; Family-friendly access,Basement 1 (near Japan Home); Level 1 (near HOOGA); Level 2 (near 6 Elements Hair Spa); Level 3 (near Robert Piano),,BMSG,https://breastfeeding.org.sg/nursing-room-directory/
SHOPPING CENTRES,Raffles City Shopping Centre,Nursing Room,Diaper changing station; Lockable nursing cubicle(s); Wash basin; Electrical power points; Water dispenser; Multiple nursing cubicles available; Family-friendly access,Level 3,Spacious; Two lockable nursing rooms within the parents' room,BMSG,https://breastfeeding.org.sg/nursing-room-directory/
SHOPPING CENTRES,Suntec Convention Centre,Nursing Room,Diaper changing station; Suitable for a single pram; Wash basin; Electrical power points; Water dispenser; Private room for one parent and baby,"Tower 3, Level 1 (near Toys ""R"" Us); Tower 3, Level 2 (near Toys ""R"" Us); Level 3 (beside the Concierge)",Convenient for breastfeeding or expressing milk while attending events,BMSG,https://breastfeeding.org.sg/nursing-room-directory/
SHOPPING CENTRES,Takashimaya,Nursing Room,Diaper changing station; Lockable nursing cubicle(s); Suitable for a single pram; Suitable for a double pram; Wash basin; Electrical power points; Water dispenser; Nursing area separated from changing area; Private room for one parent and baby; Multiple nursing cubicles available; Family-friendly access,,"Spacious, clean and well-equipped; Staff presence helps maintain the space",BMSG,https://breastfeeding.org.sg/nursing-room-directory/
SHOPPING CENTRES,The Star Vista,Nursing Room,Diaper changing station; Lockable nursing cubicle(s); Wash basin; Water dispenser; Private room for one parent and baby,Level 1 (near Lift Lobby A),Clean and spacious,BMSG,https://breastfeeding.org.sg/nursing-room-directory/
SHOPPING CENTRES,United Square,Nursing Room,Diaper changing station; Lockable nursing cubicle(s); Wash basin; Electrical power points; Water dispenser; Nursing area separated from changing area; Multiple nursing cubicles available; Family-friendly access,Level 1,Spacious and beautifully decorated; Three nursing rooms available; Changing mats in different sizes; Complimentary nursing pads available,BMSG,https://breastfeeding.org.sg/nursing-room-directory/
SHOPPING CENTRES,VivoCity,Nursing Room,Diaper changing station; Lockable nursing cubicle(s); Suitable for a double pram; Wash basin; Electrical power points; Water dispenser; Nursing area separated from changing area; Multiple nursing cubicles available; Family-friendly access,Level 2,Well ventilated and comfortable; Seating available for accompanying family members; Conveniently located beside the playground,BMSG,https://breastfeeding.org.sg/nursing-room-directory/
SHOPPING CENTRES,Waterway Point,Nursing Room,Diaper changing station; Lockable nursing cubicle(s); Suitable for a single pram; Suitable for a double pram; Wash basin; Water dispenser; Nursing area separated from changing area; Multiple nursing cubicles available; Family-friendly access,Basement 1 to Level 2,Clean environment; Vibrant and family-friendly design; Waiting area available for accompanying family members,BMSG,https://breastfeeding.org.sg/nursing-room-directory/
PLACES OF ATTRACTION,Institute of Mental Health,Nursing Pod,Lockable nursing cubicle(s); Electrical power points; Private room for one parent and baby,"Child Guidance Clinic, Block 3, Basement 1; Private Clinic, Block 1, Level 2",,BMSG,https://breastfeeding.org.sg/nursing-room-directory/
PLACES OF ATTRACTION,Ng Teng Fong Hospital,Nursing Rooms,Wash basin; Electrical power points; Multiple nursing cubicles available,"Tower B, Level 2 (near Fork & Spoon, inside office area); Tower C, Level 1M (staff only)",Clean nursing facilities with multiple cubicles available.,BMSG,https://breastfeeding.org.sg/nursing-room-directory/
PLACES OF ATTRACTION,Serangoon Polyclinic,Nursing Room,Lockable nursing cubicle(s); Suitable for a single pram; Wash basin; Electrical power points; Water dispenser; Nursing area separated from changing area; Private room for one parent and baby,Level 6,Clean and quiet space for breastfeeding or expressing milk.,BMSG,https://breastfeeding.org.sg/nursing-room-directory/
PLACES OF WORSHIP – CHURCHES,Holy Cross Church,Nursing Pod,Private room for one parent and baby,,Allows parents to feed their babies while remaining connected to church services.,BMSG,https://breastfeeding.org.sg/nursing-room-directory/
PLACES OF WORSHIP – CHURCHES,Pusara Aman Mosque,Nursing Pod,Diaper changing station; Private room for one parent and baby,,Clean and family-friendly facility. One of the few nursing pods available within a mosque.,BMSG,https://breastfeeding.org.sg/nursing-room-directory/
