name,location_level,known_address,amenities_notes,source,source_url
313@Somerset,"Levels B3, 1 and 5","313@Somerset , 313 Orchard Rd, Singapore 238895","Levels B3, 1 and 5 Expect changing stations, nursing cubicles with armchairs and benches, large waiting areas, a hot and cold water dispenser, power points at the level 1 nursing room, a microwave at the B3 and Level 5 rooms, and a child look level 1 plus a child-friendly loo at Level B3",SassyMama,https://www.sassymamasg.com/singapore-nursing-room-ultimate-guide/
Anchorpoint Shopping Centre,Basement 1 and Level 1 by,"Anchorpoint Shopping Centre , 370 Alexandra Road, Singapore 159953",Basement 1 and Level 1 by the restrooms There are two nursing rooms here with armchairs separated by curtains,SassyMama,https://www.sassymamasg.com/singapore-nursing-room-ultimate-guide/
Ang Mo Kio Hub,,,,SassyMama,https://www.sassymamasg.com/singapore-nursing-room-ultimate-guide/
Aperia Kallang Mall,Level 1,"Aperia Kallang Mall , 12 Kallang Ave, Singapore 339511",Level 1 next to the restrooms The two nursing rooms here are separated by curtains and have no locks,SassyMama,https://www.sassymamasg.com/singapore-nursing-room-ultimate-guide/
Bedok Mall,Level B1 near restrooms Key features include,"Bedok Mall , 311 New Upper Changi Rd, Singapore 467360","Level B1 near restrooms Key features include two lockable nursing rooms with armchairs, but there’s no table or space to park your stroller in the room",SassyMama,https://www.sassymamasg.com/singapore-nursing-room-ultimate-guide/
Bugis Junction,,,,SassyMama,https://www.sassymamasg.com/singapore-nursing-room-ultimate-guide/
Bukit Panjang Plaza,Level 1 (within ladies’ restroom); Level 2 to 3 (next to lif,"Bukit Panjang Plaza , 1 Jelebu Rd, Singapore 677743","Level 1 (within ladies’ restroom); Level 2 to 3 (next to lifts) and Level 4 (next to the library) The nursing room on Level 1 is merely a cubicle with curtains and no locks, so head up to those on Levels 2 to 4 for lockable doors and added privacy",SassyMama,https://www.sassymamasg.com/singapore-nursing-room-ultimate-guide/
Bukit Timah Plaza,Level B1,"Bukit Timah Plaza , 1 Jalan Anak Bukit, Singapore 588996","Level B1 The entire nursing room at Bukit Timah Plaza can be locked, guaranteeing absolute privacy",SassyMama,https://www.sassymamasg.com/singapore-nursing-room-ultimate-guide/
Causeway Point,,,,SassyMama,https://www.sassymamasg.com/singapore-nursing-room-ultimate-guide/
Central @ Clarke Quay,"Level 1, near female restrooms Don’t","Central @ Clarke Quay , 6 Eu Tong Sen St, Singapore 059817","Level 1, near female restrooms Don’t expect luxury from Central’s nursing room, but it’s got the basics and you can lock the room to have the entire space to yourself",SassyMama,https://www.sassymamasg.com/singapore-nursing-room-ultimate-guide/
Centrepoint,"Level 6 (one within Metro Department Store, one beside Manag","Centrepoint , 176 Orchard Rd, Singapore 238843","Level 6 (one within Metro Department Store, one beside Management office and restrooms) You can expect lockable nursing rooms with armchairs and side tables (there’s even a bed in the Metro baby room!), alongside changing tables, a hot and cold water dispenser, a sink and power points as well as a playpen and cot",SassyMama,https://www.sassymamasg.com/singapore-nursing-room-ultimate-guide/
Changi Airport,,,Click here for locations across all four terminals,SassyMama,https://www.sassymamasg.com/singapore-nursing-room-ultimate-guide/
Changi City Point,,,,SassyMama,https://www.sassymamasg.com/singapore-nursing-room-ultimate-guide/
Chinatown Point,Level 3,"Chinatown Point , 133 New Bridge Rd, Singapore 059413",Level 3 The nursing room is small and does not have locks or any form of separation,SassyMama,https://www.sassymamasg.com/singapore-nursing-room-ultimate-guide/
City Square Mall,Levels 2 and 4 (nursing rooms); Levels B2 to 4 (diaper chang,"City Square Mall , 180 Kitchener Rd, Singapore 208539",Levels 2 and 4 (nursing rooms); Levels B2 to 4 (diaper changing stations in male and female toilets) This vast mall has several baby care rooms that can fit your stroller and offer privacy with lockable nursing rooms,SassyMama,https://www.sassymamasg.com/singapore-nursing-room-ultimate-guide/
Claymore Connect,,,,SassyMama,https://www.sassymamasg.com/singapore-nursing-room-ultimate-guide/
Clementi Mall,Level 3 and 4 (two baby rooms by food court and restrooms); ,"Clementi Mall , 3155 Commonwealth Ave W, Singapore 129588","Level 3 and 4 (two baby rooms by food court and restrooms); Level 5 The lockable nursing rooms have a chair or sofa, changing stations, sinks, a magazine/reading rack and power points",SassyMama,https://www.sassymamasg.com/singapore-nursing-room-ultimate-guide/
Compass One (formerly Compass Point),Level B1 and Level 4 Warmly lit and spacious,"Image Credit: Compass One via Official Website Compass One , 1 Sengkang Square, Singapore 545078","Level B1 and Level 4 Warmly lit and spacious, the nursing room at Compass One has a hot and cold water dispenser, diaper-changing stations and a comfy long bench for bigger tots to sit and unwind while mama feeds baby",SassyMama,https://www.sassymamasg.com/singapore-nursing-room-ultimate-guide/
Far East Plaza,Levels 1 to 5 (Next to,"Far East Plaza , 14 Scotts Rd, Singapore 228213","Levels 1 to 5 (Next to the restrooms) The individual parenting rooms at Far East Plaza are fitted with a bench and a changing table, and the entire room can be locked",SassyMama,https://www.sassymamasg.com/singapore-nursing-room-ultimate-guide/
Forum The Shopping Mall,Level 1,"Forum the Shopping Mall , 583 Orchard Rd, Singapore 238884","Level 1 The Mother’s Room comes complete with changing stations, two nursing rooms with armchairs (separated by curtains) and a wash basin",SassyMama,https://www.sassymamasg.com/singapore-nursing-room-ultimate-guide/
The Fullerton Hotel Singapore,,,,SassyMama,https://www.sassymamasg.com/singapore-nursing-room-ultimate-guide/
Great World,"Levels B1, 1 and 2 Great World’s baby care room is bright, c","Great World , 1 Kim Seng Promenade, Singapore 237994","Levels B1, 1 and 2 Great World’s baby care room is bright, colourful and comfy, with plenty of privacy and facilities such as a basin, hot water dispenser, diaper changing stations and nursing rooms",SassyMama,https://www.sassymamasg.com/singapore-nursing-room-ultimate-guide/
Harbourfront Centre,Levels 2 and 3 (Lobby,"Harbourfront Centre , 1 Maritime Square, Singapore 099253","Levels 2 and 3 (Lobby A) This is a pretty old shopping centre, so it’s no surprise its family rooms aren’t very impressive, but they have all the basics and are often much less busy than the nursing rooms in neighbouring VivoCity! Expect changing tables, private feeding areas, as well as hot and cold drinking water",SassyMama,https://www.sassymamasg.com/singapore-nursing-room-ultimate-guide/
Hougang Mall,Levels 2 and 5 (near restrooms),"Hougang Mall , 90 Hougang Ave 10, Singapore 538766","Levels 2 and 5 (near restrooms) Nursing rooms have armchairs (no locks; separated by curtains), changing stations, sinks, hot and cold water dispenser and power points",SassyMama,https://www.sassymamasg.com/singapore-nursing-room-ultimate-guide/
IKEA,,,"The baby care room is located near the restaurant IKEA’s baby care rooms feature some of its own products with a minimalist but functional design, plus those famous white high chairs to keep bub safely strapped in while you re-pack that diaper bag! Bonus: you can get free jars of baby food upon request and there are microwave ovens for warming up milk at the restaurant, too! Other must-haves include a waiting area, nursing cubicles, changing tables, sinks, water dispensers, bottle warmers, and a disposable diaper dispenser",SassyMama,https://www.sassymamasg.com/singapore-nursing-room-ultimate-guide/
IMM,Level 2 (behind Kohong Health Care Centre and near OSIM); Le,"IMM , 2 Jurong East Street 21, Singapore 609601","Level 2 (behind Kohong Health Care Centre and near OSIM); Level 3 (near car park entrance) Rejoice if you’ve got a pram with you because there is plenty of space for prams and daddies! In addition to lockable family rooms with nursing and changing areas, the nursing rooms here have baby holders to prop older babies up, power sockets and sinks",SassyMama,https://www.sassymamasg.com/singapore-nursing-room-ultimate-guide/
ION Orchard,,,,SassyMama,https://www.sassymamasg.com/singapore-nursing-room-ultimate-guide/
JEM,"Level B1, Level 3 and Level 5 and","JEM , 50 Jurong Gateway Rd, Singapore 608549","Level B1, Level 3 and Level 5 and the family toilet on Levels 2 to 5 Spacious and clean, these are truly family care rooms with child-sized toilets for your older bubs! There are three spacious lockable nursing rooms with armchairs and a small table, as well as three diaper changing stations (the changing table is at the family toilet on Level 2), a sink, hot and cold water dispenser, bottle warmer, children’s loo and power points",SassyMama,https://www.sassymamasg.com/singapore-nursing-room-ultimate-guide/
Jewel,,"rapped when your little bub falls asleep in your arms! Jewel, 78 Airport Boulevard, Singapore 819666","every level from B2 to Level 4 We just have to rave about the nursing rooms at Jewel because it is one of the most spacious, clean and beautifully designed nursing rooms in Singapore",SassyMama,https://www.sassymamasg.com/singapore-nursing-room-ultimate-guide/
Junction 8,"Level B1, 1, 2 and 3 In addition to complimentary baby strol","Junction 8 , 9 Bishan Pl, Singapore 579837","Level B1, 1, 2 and 3 In addition to complimentary baby stroller rentals, Junction 8 also has two lockable nursing rooms with chairs and a small table, a changing station, a bottle warmer, a high chair and more",SassyMama,https://www.sassymamasg.com/singapore-nursing-room-ultimate-guide/
Jurong East Bus Interchange,,"Jurong East Bus Interchange, 17A Jurong Gateway Road, Singapore 608513","Jurong East Bus Interchange This beautiful, calming nursing room was created by a partnership between Tower Transit Singapore (TTS) and Hegen",SassyMama,https://www.sassymamasg.com/singapore-nursing-room-ultimate-guide/
Jurong Point,,"Jurong Point, 1 Jurong West Central 2, Singapore 648886","JP1, Level 3 (near Kopitiam), JP2 Basement 1 (opposite Samsung) and Level 3 Mongkok Street The Jurong Point nursing rooms are decently sized with padded diaper changing stations, a sink, hot and cold water dispenser and a nursing room (only on Levels 2 and 3)",SassyMama,https://www.sassymamasg.com/singapore-nursing-room-ultimate-guide/
KINEX,Level 2,"KINEX , 11 Tanjong Katong Road, Singapore 437157","Level 2 The nursing room at KINEX is clean, bright, and modern with three locked nursing rooms, a comfy waiting area for family, and plenty of room for parking strollers",SassyMama,https://www.sassymamasg.com/singapore-nursing-room-ultimate-guide/
Mandarin Gallery,,,,SassyMama,https://www.sassymamasg.com/singapore-nursing-room-ultimate-guide/
Marina Square,Level B1 and Levels 1 to 3 (near restrooms) What will,"Marina Square , 6 Raffles Blvd, Singapore 039594","Level B1 and Levels 1 to 3 (near restrooms) What will you find here? Think lockable nursing rooms with sofa, a changing station and sink, hot/cold water dispenser, power points and a waiting area",SassyMama,https://www.sassymamasg.com/singapore-nursing-room-ultimate-guide/
Marina Bay Link Mall,,,,SassyMama,https://www.sassymamasg.com/singapore-nursing-room-ultimate-guide/
Millennia Walk,,,,SassyMama,https://www.sassymamasg.com/singapore-nursing-room-ultimate-guide/
National Gallery Singapore,,,,SassyMama,https://www.sassymamasg.com/singapore-nursing-room-ultimate-guide/
NEX,,,,SassyMama,https://www.sassymamasg.com/singapore-nursing-room-ultimate-guide/
Ngee Ann City,Level B1 (inside female restroom); Level B2 Ngee Ann City’s,"Ngee Ann City , 391A Orchard Rd, Singapore 238873","Level B1 (inside female restroom); Level B2 Ngee Ann City’s nursing rooms are functional but minimal, so head over to the nearby Takashimaya baby care room (see entry no",SassyMama,https://www.sassymamasg.com/singapore-nursing-room-ultimate-guide/
Northpoint City,B2 to Level 3 (North Wing) and B2 to Level 2 (South Wing),"Northpoint City , 930 Yishun Ave 2, Singapore 769098",B2 to Level 3 (North Wing) and B2 to Level 2 (South Wing) The nursing rooms are fitted with a small armchair and table,SassyMama,https://www.sassymamasg.com/singapore-nursing-room-ultimate-guide/
One Raffles Place,,,,SassyMama,https://www.sassymamasg.com/singapore-nursing-room-ultimate-guide/
Orchard Central,"Levels 3, 4 and 7 Believe","there are NO changing tables available at Orchard Central, but if you simply want to nurse, it’s got you covered! Orchard Central , 181 Orchard Rd, Singapore 238896","Levels 3, 4 and 7 Believe it or not, there are NO changing tables available at Orchard Central, but if you simply want to nurse, it’s got you covered! Orchard Central , 181 Orchard Rd, Singapore 238896, www.fareastmalls.com.sg/orchard-central",SassyMama,https://www.sassymamasg.com/singapore-nursing-room-ultimate-guide/
OUE Downtown Gallery,,,,SassyMama,https://www.sassymamasg.com/singapore-nursing-room-ultimate-guide/
Palais Renaissance,Level 2 restroom,"Palais Renaissance , 390 Orchard Rd, Singapore 238871",Level 2 restroom The amenities are basic – there’s one nursing cubicle with a changing table,SassyMama,https://www.sassymamasg.com/singapore-nursing-room-ultimate-guide/
Paragon,,,,SassyMama,https://www.sassymamasg.com/singapore-nursing-room-ultimate-guide/
Parkway Parade,Basement (near Japan Home); Level 2 (next to,"Parkway Parade , 80 Marine Parade Rd, Singapore 449269",Basement (near Japan Home); Level 2 (next to the ladies’ washroom and 6 Elements Hair Spa); Level 3 (next to the ladies’ washroom and Robert Piano),SassyMama,https://www.sassymamasg.com/singapore-nursing-room-ultimate-guide/
Paya Lebar Square,Level B1 and Level 1,"he room is clean enough for a quick feed! Paya Lebar Square , 60 Paya Lebar Rd, Singapore 409051",Level B1 and Level 1 This bare-basics nursing room is lockable and can fit one pram only,SassyMama,https://www.sassymamasg.com/singapore-nursing-room-ultimate-guide/
Plaza Singapura,"Levels 2, 3, 4 and 6 (next to","Plaza Singapura , 68 Orchard Rd, Singapore 238839","Levels 2, 3, 4 and 6 (next to the ladies’ restroom) These baby nursing rooms are nicely decorated and clean, but there’s only one lockable nursing area per baby room so you might need to wait a while",SassyMama,https://www.sassymamasg.com/singapore-nursing-room-ultimate-guide/
Raffles City,Level B1 (next to,"Raffles City , 252 North Bridge Rd, Singapore 179103",Level B1 (next to the restrooms near Marks & Spencer and Crumpler); Level 3 (next to restrooms near PS,SassyMama,https://www.sassymamasg.com/singapore-nursing-room-ultimate-guide/
Resorts World Sentosa (RWS),,"Resorts World Sentosa , 8 Sentosa Gateway, Singapore 098269",,SassyMama,https://www.sassymamasg.com/singapore-nursing-room-ultimate-guide/
River Wonders,,,,SassyMama,https://www.sassymamasg.com/singapore-nursing-room-ultimate-guide/
Scotts Square,Level 2 and 3 (near restrooms) Large and new-ish,"Scotts Square , 6 Scotts Rd, Singapore 228209","Level 2 and 3 (near restrooms) Large and new-ish, these rooms look nice but considering how fancy the mall itself is, they are pretty minimalist in terms of amenities! Key features include one lockable nursing room with a bench, sink, changing area and a waiting area",SassyMama,https://www.sassymamasg.com/singapore-nursing-room-ultimate-guide/
Sentosa Island,,,,SassyMama,https://www.sassymamasg.com/singapore-nursing-room-ultimate-guide/
Shaw Centre,Level 4 (inside Isetan children’s department),"Shaw Centre , 1 Scotts Rd, Singapore 228208","Level 4 (inside Isetan children’s department) The two lockable nursing rooms have basic amenities like chairs and small tables, changing stations, hot water dispensers and power points",SassyMama,https://www.sassymamasg.com/singapore-nursing-room-ultimate-guide/
The Shoppes at MBS,Levels B2 (next to Club Monaco and Rasapura Masters); B1 (ne,"The Shoppes at Marina Bay Sands , 8 Bayfront Ave, Singapore 018955","Levels B2 (next to Club Monaco and Rasapura Masters); B1 (next to Dior and Fila Kids) and Level 1 (next to Orient Crown or Imperial Treasure Fine Teochew Cuisine) These oh-so colourful rooms (peep that bold, stripey wallpaper!) offer plenty of privacy (limited to one family per room, although we’ve shared the changing tables in a pinch), along with a handy seat where you can strap in a wiggly toddler if need be",SassyMama,https://www.sassymamasg.com/singapore-nursing-room-ultimate-guide/
Singapore City Gallery,,,,SassyMama,https://www.sassymamasg.com/singapore-nursing-room-ultimate-guide/
Singapore Zoo,,"Singapore Zoo , 80 Mandai Lake Rd, Singapore 729826","Rainforest Kidzworld, Reptile Garden and at the main entrance",SassyMama,https://www.sassymamasg.com/singapore-nursing-room-ultimate-guide/
SingPost Centre,Levels B1 and L3,"SingPost Centre , 10 Eunos Rd 8, Singapore 408600",Levels B1 and L3 The nursing room here is clean but minimalist at best,SassyMama,https://www.sassymamasg.com/singapore-nursing-room-ultimate-guide/
Suntec City Shopping Mall,,,,SassyMama,https://www.sassymamasg.com/singapore-nursing-room-ultimate-guide/
Suntec City Convention Centre,Levels 1 and 2; Tower 3 (next to Toys R’ Us),"Suntec City Convention Centre , 1 Raffles Blvd, Singapore 039593","Levels 1 and 2; Tower 3 (next to Toys R’ Us) There are multiple nursing rooms scattered across Suntec, but with it being a hub for a lot of working mamas, it’s a real shame there aren’t any power points to help with expressing milk",SassyMama,https://www.sassymamasg.com/singapore-nursing-room-ultimate-guide/
Takashimaya,,,,SassyMama,https://www.sassymamasg.com/singapore-nursing-room-ultimate-guide/
Tampines Mall,Level 2 (near Lift Lobby,"Tampines Mall , 4 Tampines Central 5, Singapore 529510","Level 2 (near Lift Lobby A) Key features in the two lockable nursing rooms include armchairs, small tables and a baby holder, two changing stations a sink and a hot and cold water dispenser",SassyMama,https://www.sassymamasg.com/singapore-nursing-room-ultimate-guide/
Tampines 1,Levels 2 and 5,"Tampines 1 , 10 Tampines Central 1, Singapore 529536","Levels 2 and 5 You’ll find two lockable nursing rooms with benches, changing stations, a sink and a hot and cold water dispenser",SassyMama,https://www.sassymamasg.com/singapore-nursing-room-ultimate-guide/
Tanglin Mall,Level 3 (baby care room near restrooms); Level 2 (diaper cha,"Tanglin Mall , 163 Tanglin Road, Singapore 247933",Level 3 (baby care room near restrooms); Level 2 (diaper changing room) Spacious – with enough space to wheel in a couple of strollers – this nursing room is usually pretty jumping due to all the baby-friendly amenities nearby,SassyMama,https://www.sassymamasg.com/singapore-nursing-room-ultimate-guide/
Thomson Plaza,Level 3 Key features of,"Thomson Plaza , 301 Upper Thomson Rd, Singapore 574408","Level 3 Key features of the lockable nursing area include a bench, changing table, sink and a waiting area",SassyMama,https://www.sassymamasg.com/singapore-nursing-room-ultimate-guide/
Tiong Bahru Plaza,"Levels B1, 1 to 3","Tiong Bahru Plaza , 302 Tiong Bahru Rd, Singapore 168732","Levels B1, 1 to 3 The nursing room area has a bench but no locks",SassyMama,https://www.sassymamasg.com/singapore-nursing-room-ultimate-guide/
United Square,Level 1,"United Square , 101 Thomson Rd, Singapore 307591",Level 1 This popular kids’ mall has a pretty nice baby care room that can accommodate a couple of strollers and is kept very clean,SassyMama,https://www.sassymamasg.com/singapore-nursing-room-ultimate-guide/
Valley Point Shopping Centre,Level 1,"ley Point via Official Website Valley Point Shopping Centre , 491 River Valley Rd, Singapore 248371","Level 1 There’s one nursing cubicle (no locks; separated by curtains), a changing table, sink and a hot and cold water dispenser",SassyMama,https://www.sassymamasg.com/singapore-nursing-room-ultimate-guide/
Velocity @ Novena,"Levels 2 (near NOVITA) Nice, clean and bright","Velocity @ Novena , 238 Thomson Road, Singapore 307683","Levels 2 (near NOVITA) Nice, clean and bright, the baby room in Velocity has everything you need, but it’s a bit out of the way from the more popular stores",SassyMama,https://www.sassymamasg.com/singapore-nursing-room-ultimate-guide/
VivoCity,,,,SassyMama,https://www.sassymamasg.com/singapore-nursing-room-ultimate-guide/
Waterway Point,B2 to Level 2,"Waterway Point, 83 Punggol Central, Singapore 828763","B2 to Level 2 The spacious nursing room at Waterway Point comes with a padded diaper changing station, hot and cold water dispenser, a sink, and a breastfeeding room with a bench and an electrical point to charge your phone",SassyMama,https://www.sassymamasg.com/singapore-nursing-room-ultimate-guide/
West Coast Plaza,Level B1 Key features within,"West Coast Plaza , 154 West Coast Rd, Singapore 127371","Level B1 Key features within the one lockable nursing room include a bench, changing table, sink, power points and a hot/cold water dispenser",SassyMama,https://www.sassymamasg.com/singapore-nursing-room-ultimate-guide/
Wheelock Place,Level 1,"Wheelock Place , 501 Orchard Rd, Singapore 238880","Level 1 This one is a bit difficult to get to with a stroller, with the lift to level 1 as your only option",SassyMama,https://www.sassymamasg.com/singapore-nursing-room-ultimate-guide/
Wisma Atria,Level 3,"Wisma Atria , 435 Orchard Rd, Singapore 238877","Level 3 The baby room at Wisma Atria is really just a small area inside the female restroom so it’s not particularly pleasant, but it has the basics in a pinch! Think armchair and changing table (no locks), a sink and a hot/cold water dispenser",SassyMama,https://www.sassymamasg.com/singapore-nursing-room-ultimate-guide/
