created_at,id,payload,reviewed_at,reviewed_by,status,submitted_by,venue_id
2026-08-16T04:23:28.836478+00:00,29da594e-60ee-46d0-829f-0fc8e2b74681,"{""name"": ""Jem"", ""type"": ""Nursing Room"", ""notes"": ""Lvl 3 got kids toilet inside nursing room. 3 lockable nursing rooms within diaper changing room + diaper changing mat + water dispenser + sink "", ""source"": ""USER_SUBMITTED"", ""latitude"": 1.33329334473462, ""amenities"": {""has_lock"": true, ""has_sink"": true, ""dad_friendly"": true, ""can_buy_diaper"": false, ""has_diaper_mat"": false, ""has_power_outlet"": false, ""stroller_friendly"": true, ""has_changing_table"": true}, ""longitude"": 103.743278742341, ""floorLevel"": ""Level 3"", ""locationSource"": ""geocoded""}",2026-08-18T15:14:07.898+00:00,,approved,,437a1b0f-59f4-4e2d-9473-73b798bb0d74
2026-08-15T18:49:48.514528+00:00,05cd91e0-bb75-4eea-8335-b3570088bf23,"{""name"": ""Bedok mall"", ""type"": ""Nursing Room"", ""notes"": """", ""source"": ""USER_SUBMITTED"", ""latitude"": 1.32473632784728, ""amenities"": {""has_lock"": false, ""has_sink"": false, ""dad_friendly"": true, ""can_buy_diaper"": false, ""has_diaper_mat"": false, ""has_power_outlet"": false, ""stroller_friendly"": false, ""has_changing_table"": false}, ""longitude"": 103.929256259998, ""floorLevel"": """", ""locationSource"": ""geocoded""}",2026-08-18T15:14:18.211+00:00,,approved,,1f0bf352-5e46-45dc-875f-a993a1028ae6
2026-08-15T18:46:17.494024+00:00,b8d66098-df5a-491f-ab01-a04b2a4dafc5,"{""name"": ""Millenia walk "", ""type"": ""Nursing Room"", ""notes"": """", ""source"": ""USER_SUBMITTED"", ""latitude"": 1.29260544462492, ""amenities"": {""has_lock"": true, ""has_sink"": true, ""dad_friendly"": false, ""can_buy_diaper"": false, ""has_diaper_mat"": false, ""has_power_outlet"": false, ""stroller_friendly"": true, ""has_changing_table"": true}, ""longitude"": 103.859724944443, ""floorLevel"": ""B1 "", ""locationSource"": ""geocoded""}",2026-08-18T15:14:25.419+00:00,,approved,,4834120a-5ac7-4b49-b8ca-62744aa90432
2026-08-15T18:42:23.684016+00:00,5bbf637a-0e53-49fb-a6e9-ca314d6b6f27,"{""name"": ""Plq"", ""type"": ""Nursing Room"", ""notes"": """", ""source"": ""USER_SUBMITTED"", ""latitude"": 1.31756115921, ""amenities"": {""has_lock"": false, ""has_sink"": false, ""dad_friendly"": false, ""can_buy_diaper"": false, ""has_diaper_mat"": false, ""has_power_outlet"": false, ""stroller_friendly"": false, ""has_changing_table"": false}, ""longitude"": 103.892836694432, ""floorLevel"": ""B1, L4"", ""locationSource"": ""geocoded""}",2026-08-18T15:30:28.146+00:00,,approved,,35980500-f7dc-4980-a963-d0102db0628b
2026-08-18T15:48:03.758675+00:00,1dbd00e5-101f-48d5-b551-15db22506ab0,"{""name"": ""Djitsun Mall"", ""type"": ""Nursing Room"", ""notes"": ""Imported from babyment.com (Ang Mo Kio) for review — not yet verified on site. · Hours: Daily: 9am - 12am · Contact: 6451 0141 · Listed facilities: (a) Changing station (b) Sink"", ""source"": ""USER_SUBMITTED"", ""address"": ""5 Ang Mo Kio Central 2 Singapore 569663"", ""latitude"": 1.37286217975215, ""amenities"": {""has_lock"": false, ""has_sink"": true, ""dad_friendly"": false, ""can_buy_diaper"": false, ""has_diaper_mat"": false, ""has_power_outlet"": true, ""stroller_friendly"": false, ""has_changing_table"": true}, ""longitude"": 103.847644977493, ""floorLevel"": ""Level 1"", ""postalCode"": ""569663"", ""locationSource"": ""geocoded"", ""geocodedAddress"": ""5 ANG MO KIO CENTRAL 2 DJIT SUN MALL SINGAPORE 569663""}",,,pending,,
2026-08-18T15:48:06.977348+00:00,8c229243-e0e9-4e87-964a-8fee2039156d,"{""name"": ""Woodleigh Mall"", ""type"": ""Nursing Room"", ""notes"": ""Imported from babyment.com (Bidadari) for review — not yet verified on site. · Hours: 10am to 10pm · Water dispenser: hot and cold · Listed facilities: (a) Changing Station (b) Sink"", ""source"": ""USER_SUBMITTED"", ""address"": ""11 Bidadari Park Drive Singapore 367803"", ""latitude"": 1.33873066388191, ""amenities"": {""has_lock"": false, ""has_sink"": true, ""dad_friendly"": false, ""can_buy_diaper"": false, ""has_diaper_mat"": false, ""has_power_outlet"": false, ""stroller_friendly"": false, ""has_changing_table"": true}, ""longitude"": 103.871670008192, ""floorLevel"": ""Level B1, 1 and 2"", ""postalCode"": ""367803"", ""locationSource"": ""geocoded"", ""geocodedAddress"": ""11 BIDADARI PARK DRIVE THE WOODLEIGH MALL SINGAPORE 367803""}",,,pending,,
2026-08-18T15:48:13.448709+00:00,905447a3-a60f-4a73-930a-b53e2bdaeb42,"{""name"": ""West Mall"", ""type"": ""Nursing Room"", ""notes"": ""Imported from babyment.com (Bukit Batok) for review — not yet verified on site. · Hours: Daily: 11am to 10pm · Contact: 6309 1166 · Listed facilities: (a) Door with lock (b) Sink (c) Changing station"", ""source"": ""USER_SUBMITTED"", ""address"": ""1 Bukit Batok Central Link Singapore 658713"", ""latitude"": 1.35002107594315, ""amenities"": {""has_lock"": true, ""has_sink"": true, ""dad_friendly"": false, ""can_buy_diaper"": false, ""has_diaper_mat"": false, ""has_power_outlet"": false, ""stroller_friendly"": false, ""has_changing_table"": true}, ""longitude"": 103.749216493831, ""floorLevel"": ""Level B1"", ""postalCode"": ""658713"", ""locationSource"": ""geocoded"", ""geocodedAddress"": ""1 BUKIT BATOK CENTRAL LINK WEST MALL SINGAPORE 658713""}",,,pending,,
2026-08-18T15:48:19.711815+00:00,f0bae141-faed-49ab-b27c-d8626838da62,"{""name"": ""Hort Park"", ""type"": ""Nursing Room"", ""notes"": ""Imported from babyment.com (Queenstown) for review — not yet verified on site. · Hours: Daily:6am to 10pm · Contact: 6471 5601 · Listed facilities: (a) Changing station (b) Sink"", ""source"": ""USER_SUBMITTED"", ""address"": ""33 Hyderabad Road Singapore 119578"", ""latitude"": 1.28031596092652, ""amenities"": {""has_lock"": false, ""has_sink"": true, ""dad_friendly"": false, ""can_buy_diaper"": false, ""has_diaper_mat"": false, ""has_power_outlet"": false, ""stroller_friendly"": false, ""has_changing_table"": true}, ""longitude"": 103.79608018284, ""floorLevel"": ""Level 1"", ""postalCode"": ""119578"", ""locationSource"": ""geocoded"", ""geocodedAddress"": ""33 HYDERABAD ROAD SINGAPORE 119578""}",,,pending,,
2026-08-18T15:49:58.356718+00:00,75576594-6ed0-4ef9-bd38-712d69f8572f,"{""name"": ""Isetan Serangoon"", ""type"": ""Nursing Room"", ""notes"": ""Imported from babyment.com (Serangoon) for review — not yet verified on site. · Hours: Sunday to Thursday: 10:30am to 10pm Friday and Saturday:10:30am to 10:30am · Contact: 6363 7777 · Water dispenser: hot and cold · Listed facilities: (a) Door with lock (b) Sink (c) Changing station (d) High chair (e) Waiting area"", ""source"": ""USER_SUBMITTED"", ""address"": ""23 Serangoon Central Singapore 556083"", ""latitude"": 1.35076935257845, ""amenities"": {""has_lock"": true, ""has_sink"": true, ""dad_friendly"": false, ""can_buy_diaper"": false, ""has_diaper_mat"": false, ""has_power_outlet"": true, ""stroller_friendly"": false, ""has_changing_table"": true}, ""longitude"": 103.872296143862, ""floorLevel"": ""Level 3"", ""postalCode"": ""556083"", ""locationSource"": ""geocoded"", ""geocodedAddress"": ""23 SERANGOON CENTRAL NEX SINGAPORE 556083""}",,,pending,,
2026-08-18T15:50:04.736138+00:00,db6632f9-1cf1-45c2-b289-0934f8fb4581,"{""name"": ""East Point Mall"", ""type"": ""Nursing Room"", ""notes"": ""Imported from babyment.com (Simei) for review — not yet verified on site. · Hours: Daily:10am to 10pm · Contact: 6587 7200 · Listed facilities: (a) Changing station (b) Sink"", ""source"": ""USER_SUBMITTED"", ""address"": ""3 Simei Street 6 Singapore 528833"", ""latitude"": 1.34270592355576, ""amenities"": {""has_lock"": false, ""has_sink"": true, ""dad_friendly"": false, ""can_buy_diaper"": false, ""has_diaper_mat"": false, ""has_power_outlet"": true, ""stroller_friendly"": false, ""has_changing_table"": true}, ""longitude"": 103.953024618234, ""floorLevel"": ""Basement 1 to Level 6"", ""postalCode"": ""528833"", ""locationSource"": ""geocoded"", ""geocodedAddress"": ""3 SIMEI STREET 6 EASTPOINT MALL SINGAPORE 528833""}",,,pending,,
2026-08-18T15:50:11.204953+00:00,094964f1-54d7-44ba-928b-92b1fd614777,"{""name"": ""Century Square"", ""type"": ""Nursing Room"", ""notes"": ""Imported from babyment.com (Tampines) for review — not yet verified on site. · Hours: Daily: 10am - 10pm · Contact: 6789 6261 · Water dispenser: hot and cold · Listed facilities: (a) Changing station (b) Sink (c) Curtain"", ""source"": ""USER_SUBMITTED"", ""address"": ""2 Tampines Central 5 Singapore 529509"", ""latitude"": 1.35236829566862, ""amenities"": {""has_lock"": false, ""has_sink"": true, ""dad_friendly"": false, ""can_buy_diaper"": false, ""has_diaper_mat"": false, ""has_power_outlet"": true, ""stroller_friendly"": false, ""has_changing_table"": true}, ""longitude"": 103.943812302253, ""floorLevel"": ""Level 2 and 4"", ""postalCode"": ""529509"", ""locationSource"": ""geocoded"", ""geocodedAddress"": ""2 TAMPINES CENTRAL 5 CENTURY SQUARE SINGAPORE 529509""}",,,pending,,
2026-08-18T15:50:17.544706+00:00,e5c3e3ba-f051-45b2-bd6c-1fa0c56f0f46,"{""name"": ""Changi Airport Terminal 2"", ""type"": ""Nursing Room"", ""notes"": ""Imported from babyment.com (Tampines) for review — not yet verified on site. · Hours: Open 24 Hours · Contact: 6595 6868. · Water dispenser: hot and cold · Listed facilities: (a) Door with lock (b) High chair (c) Bottle warmer (d) Sink (e) Waiting area"", ""source"": ""USER_SUBMITTED"", ""address"": ""60 Airport Boulevard Singapore 819643"", ""latitude"": 1.35496938226828, ""amenities"": {""has_lock"": true, ""has_sink"": true, ""dad_friendly"": false, ""can_buy_diaper"": false, ""has_diaper_mat"": false, ""has_power_outlet"": true, ""stroller_friendly"": false, ""has_changing_table"": false}, ""longitude"": 103.989066489511, ""floorLevel"": ""Level 1, 2, 3 and Transit Departure"", ""postalCode"": ""819643"", ""locationSource"": ""geocoded"", ""geocodedAddress"": ""60 AIRPORT BOULEVARD CHANGI AIRPORT TERMINAL 2 BUILDING SINGAPORE 819643""}",,,pending,,
2026-08-18T15:50:23.875269+00:00,052d1a74-1cfd-4aef-8cc1-6847ebe930c5,"{""name"": ""Universal Studio Singapore"", ""type"": ""Nursing Room"", ""notes"": ""Imported from babyment.com (Telok Blangah) for review — not yet verified on site. · Hours: Daily: 10am to 7pm · Contact: 6577 8888 · Water dispenser: hot and cold · Listed facilities: (a) Curtain (b) Sink (c) Changing station (d) High chair (e) Microwave"", ""source"": ""USER_SUBMITTED"", ""address"": ""8 Sentosa Gateway Singapore 98269"", ""latitude"": 1.25500579622092, ""amenities"": {""has_lock"": false, ""has_sink"": true, ""dad_friendly"": false, ""can_buy_diaper"": false, ""has_diaper_mat"": false, ""has_power_outlet"": false, ""stroller_friendly"": false, ""has_changing_table"": true}, ""longitude"": 103.820259163829, ""floorLevel"": ""Baby Centre"", ""postalCode"": """", ""locationSource"": ""geocoded"", ""geocodedAddress"": ""8 SENTOSA GATEWAY HOTEL MICHAEL SINGAPORE 098269""}",,,pending,,
2026-08-18T15:48:10.278626+00:00,a824d0aa-2db8-4393-9d7f-87d651053f47,"{""name"": ""Le Quest Mall"", ""type"": ""Nursing Room"", ""notes"": ""Imported from babyment.com (Bukit Batok) for review — not yet verified on site. · Hours: 10 am to 10pm · Listed facilities: (a) Changing Station (b) Sink"", ""source"": ""USER_SUBMITTED"", ""address"": ""4 Bukit Batok Street 41 Singapore 657991"", ""latitude"": 1.35594171176111, ""amenities"": {""has_lock"": false, ""has_sink"": true, ""dad_friendly"": false, ""can_buy_diaper"": false, ""has_diaper_mat"": false, ""has_power_outlet"": false, ""stroller_friendly"": false, ""has_changing_table"": true}, ""longitude"": 103.741127005764, ""floorLevel"": ""Level 1"", ""postalCode"": ""657991"", ""locationSource"": ""geocoded"", ""geocodedAddress"": ""4 BUKIT BATOK STREET 41 LE QUEST SINGAPORE 657991""}",,,pending,,
2026-08-18T15:48:16.60774+00:00,f1163de9-1afc-4536-99ad-28451468a52c,"{""name"": ""Civil Service Club"", ""type"": ""Nursing Room"", ""notes"": ""Imported from babyment.com (Bukit Batok) for review — not yet verified on site. · Hours: Mon to Thurs - 8.30am to 6.00pm Fri - 8.30am to 5.30pm Sat, Sun & PH - Closed · Contact: 6391 5600 · Listed facilities: (a) Changing station (b) Sink"", ""source"": ""USER_SUBMITTED"", ""address"": ""91 Bukit Batok West Avenue 2 Singapore 659206"", ""latitude"": 1.35261962406511, ""amenities"": {""has_lock"": false, ""has_sink"": true, ""dad_friendly"": false, ""can_buy_diaper"": false, ""has_diaper_mat"": false, ""has_power_outlet"": true, ""stroller_friendly"": false, ""has_changing_table"": true}, ""longitude"": 103.749375894963, ""floorLevel"": ""Level 3"", ""postalCode"": ""659206"", ""locationSource"": ""geocoded"", ""geocodedAddress"": ""91 BUKIT BATOK WEST AVENUE 2 CSC @ BUKIT BATOK SINGAPORE 659206""}",,,pending,,
2026-08-18T15:48:23.001619+00:00,0bb7a65d-1b0e-401a-8891-4a885ecf4e06,"{""name"": ""Dawson Place"", ""type"": ""Nursing Room"", ""notes"": ""Imported from babyment.com (Queenstown) for review — not yet verified on site. · Listed facilities: (a) Changing station (b) Sink"", ""source"": ""USER_SUBMITTED"", ""address"": ""57, Dawson Road Singapore 142057"", ""latitude"": 1.29270339855062, ""amenities"": {""has_lock"": false, ""has_sink"": true, ""dad_friendly"": false, ""can_buy_diaper"": false, ""has_diaper_mat"": false, ""has_power_outlet"": true, ""stroller_friendly"": false, ""has_changing_table"": true}, ""longitude"": 103.810958956467, ""floorLevel"": ""Level 1"", ""postalCode"": ""142057"", ""locationSource"": ""geocoded"", ""geocodedAddress"": ""57 DAWSON ROAD DAWSON PLACE SINGAPORE 142057""}",,,pending,,
2026-08-18T15:48:26.142316+00:00,1fa2798b-5fc3-4288-8d6d-aabc1f13d44e,"{""name"": ""Civil Service College"", ""type"": ""Nursing Room"", ""notes"": ""Imported from babyment.com (Queenstown) for review — not yet verified on site. · Hours: Mon to Thurs - 8.30am to 6.00pm Fri - 8.30am to 5.30pm Sat, Sun & PH - Closed · Contact: 6874 1733 · Water dispenser: hot and cold · Listed facilities: (a) Fridge (b) Sink"", ""source"": ""USER_SUBMITTED"", ""address"": ""31 North Buona Vista Road Singapore 275983"", ""latitude"": 1.30980057121338, ""amenities"": {""has_lock"": false, ""has_sink"": true, ""dad_friendly"": false, ""can_buy_diaper"": false, ""has_diaper_mat"": false, ""has_power_outlet"": true, ""stroller_friendly"": false, ""has_changing_table"": false}, ""longitude"": 103.791873092511, ""floorLevel"": ""Level 2"", ""postalCode"": ""275983"", ""locationSource"": ""geocoded"", ""geocodedAddress"": ""31 NORTH BUONA VISTA ROAD CIVIL SERVICE COLLEGE SINGAPORE 275983""}",,,pending,,
2026-08-18T15:48:29.266027+00:00,f224485e-8ea6-4b1f-9979-d9ec6b7abc27,"{""name"": ""Hillion Mall"", ""type"": ""Nursing Room"", ""notes"": ""Imported from babyment.com (Bukit Panjang) for review — not yet verified on site. · Hours: 10.30AM – 9.30PM · Water dispenser: cold · Listed facilities: (a) Changing Station (b) Sink"", ""source"": ""USER_SUBMITTED"", ""address"": ""17 Petir Road Singapore 678278"", ""latitude"": 1.37843100800213, ""amenities"": {""has_lock"": false, ""has_sink"": true, ""dad_friendly"": false, ""can_buy_diaper"": false, ""has_diaper_mat"": false, ""has_power_outlet"": false, ""stroller_friendly"": false, ""has_changing_table"": true}, ""longitude"": 103.762842789877, ""floorLevel"": ""Level 2"", ""postalCode"": ""678278"", ""locationSource"": ""geocoded"", ""geocodedAddress"": ""17 PETIR ROAD BUKIT PANJANG INTEGRATED TRANSPORT HUB SINGAPORE 678278""}",,,pending,,
2026-08-18T15:48:32.386959+00:00,0a1b1bf9-9e5a-469b-a779-b27a6d8dee90,"{""name"": ""Canberra Plaza"", ""type"": ""Nursing Room"", ""notes"": ""Imported from babyment.com (Canberra) for review — not yet verified on site. · Hours: 8am to 11pm · Water dispenser: hot and cold · Listed facilities: (a) Changing Station (b) Sink"", ""source"": ""USER_SUBMITTED"", ""address"": ""133 Canberra View Singapore 750133"", ""latitude"": 1.44349544527985, ""amenities"": {""has_lock"": false, ""has_sink"": true, ""dad_friendly"": false, ""can_buy_diaper"": false, ""has_diaper_mat"": false, ""has_power_outlet"": false, ""stroller_friendly"": false, ""has_changing_table"": true}, ""longitude"": 103.830345369213, ""floorLevel"": ""Level 3"", ""postalCode"": ""750133"", ""locationSource"": ""geocoded"", ""geocodedAddress"": ""133 CANBERRA VIEW CANBERRA PLAZA SINGAPORE 750133""}",,,pending,,
2026-08-18T15:48:35.57224+00:00,003ee7e3-d33a-4e21-bcfc-7db9b0badd3d,"{""name"": ""Singapore Art Museum"", ""type"": ""Nursing Room"", ""notes"": ""Imported from babyment.com (CBD) for review — not yet verified on site. · Hours: Daily: 10am to 7pm · Contact: 6589 9580 · Listed facilities: (a) Door with lock (b) Sink (c) Changing station"", ""source"": ""USER_SUBMITTED"", ""address"": ""71 Bras Basah Road Singapore 189555"", ""latitude"": 1.29730056197454, ""amenities"": {""has_lock"": true, ""has_sink"": true, ""dad_friendly"": false, ""can_buy_diaper"": false, ""has_diaper_mat"": false, ""has_power_outlet"": false, ""stroller_friendly"": false, ""has_changing_table"": true}, ""longitude"": 103.850992050255, ""floorLevel"": ""Level 2"", ""postalCode"": ""189555"", ""locationSource"": ""geocoded"", ""geocodedAddress"": ""71 BRAS BASAH ROAD SINGAPORE ART MUSEUM SINGAPORE 189555""}",,,pending,,
2026-08-18T15:48:38.74085+00:00,eb84078f-7755-43f2-ba33-a142412c64a4,"{""name"": ""Robinson @Heeren"", ""type"": ""Nursing Room"", ""notes"": ""Imported from babyment.com (CBD) for review — not yet verified on site. · Hours: Daily: 9am to 6pm · Contact: 6738 4388 · Listed facilities: (a) Door with lock (b) Sink (c) Changing station"", ""source"": ""USER_SUBMITTED"", ""address"": ""260 Orchard Road Singapore 238855"", ""latitude"": 1.30265160142482, ""amenities"": {""has_lock"": true, ""has_sink"": true, ""dad_friendly"": false, ""can_buy_diaper"": false, ""has_diaper_mat"": false, ""has_power_outlet"": false, ""stroller_friendly"": false, ""has_changing_table"": true}, ""longitude"": 103.837367213158, ""floorLevel"": ""Level 3"", ""postalCode"": ""238855"", ""locationSource"": ""geocoded"", ""geocodedAddress"": ""260 ORCHARD ROAD THE HEEREN SINGAPORE 238855""}",,,pending,,
2026-08-18T15:48:41.951283+00:00,af690659-c03b-4058-a5c8-3e2760c49148,"{""name"": ""Yew Tee Point"", ""type"": ""Nursing Room"", ""notes"": ""Imported from babyment.com (Choa Chu Kang) for review — not yet verified on site. · Hours: Daily: 10am to 10:30pm · Contact: 6465 1986 · Water dispenser: hot and cold · Listed facilities: (a) Curtain (b) Sink (c) Changing station"", ""source"": ""USER_SUBMITTED"", ""address"": ""21 Choa Chu Kang North 6 Singapore 689578"", ""latitude"": 1.39696992267974, ""amenities"": {""has_lock"": false, ""has_sink"": true, ""dad_friendly"": false, ""can_buy_diaper"": false, ""has_diaper_mat"": false, ""has_power_outlet"": true, ""stroller_friendly"": false, ""has_changing_table"": true}, ""longitude"": 103.746443198224, ""floorLevel"": ""Level 1"", ""postalCode"": ""689578"", ""locationSource"": ""geocoded"", ""geocodedAddress"": ""21 CHOA CHU KANG NORTH 6 YEWTEE POINT SINGAPORE 689578""}",,,pending,,
2026-08-18T15:48:45.055399+00:00,0d1074c1-df45-4753-b961-9c0111ac807b,"{""name"": ""Lot 1"", ""type"": ""Nursing Room"", ""notes"": ""Imported from babyment.com (Choa Chu Kang) for review — not yet verified on site. · Hours: Daily:10am to 10pm · Contact: 6314 6200 · Water dispenser: hot and cold · Listed facilities: (a) Curtain (b) Sink (c) Changing station (d) Waiting area"", ""source"": ""USER_SUBMITTED"", ""address"": ""21 Choa Chu Kang Avenue 4 Singapore 689812"", ""latitude"": 1.38497459672379, ""amenities"": {""has_lock"": false, ""has_sink"": true, ""dad_friendly"": false, ""can_buy_diaper"": false, ""has_diaper_mat"": false, ""has_power_outlet"": true, ""stroller_friendly"": false, ""has_changing_table"": true}, ""longitude"": 103.745011766388, ""floorLevel"": ""Level B1"", ""postalCode"": ""689812"", ""locationSource"": ""geocoded"", ""geocodedAddress"": ""21 CHOA CHU KANG AVENUE 4 LOT ONE, SHOPPERS' MALL SINGAPORE 689812""}",,,pending,,
2026-08-18T15:48:51.472713+00:00,1a063f53-90d3-472f-94d5-629f910d8b65,"{""name"": ""National University Hospital"", ""type"": ""Nursing Room"", ""notes"": ""Imported from babyment.com (Clementi) for review — not yet verified on site. · Hours: Open 24 Hours · Contact: 6779 5555 · Water dispenser: hot and cold · Listed facilities: (a) Curtain (b) Sink (c) Changing station"", ""source"": ""USER_SUBMITTED"", ""address"": ""5 Lower Kent Ridge Road Singapore 119074"", ""latitude"": 1.29348864960673, ""amenities"": {""has_lock"": false, ""has_sink"": true, ""dad_friendly"": false, ""can_buy_diaper"": false, ""has_diaper_mat"": false, ""has_power_outlet"": true, ""stroller_friendly"": false, ""has_changing_table"": true}, ""longitude"": 103.782736313441, ""floorLevel"": ""Level B3"", ""postalCode"": ""119074"", ""locationSource"": ""geocoded"", ""geocodedAddress"": ""5 LOWER KENT RIDGE ROAD KTP-NUCMI (NUHKIDS) SINGAPORE 119074""}",,,pending,,
2026-08-18T15:48:57.937977+00:00,5e15ea44-75db-4925-b244-69e4ef26d777,"{""name"": ""Taman Jurong Shopping Centre"", ""type"": ""Nursing Room"", ""notes"": ""Imported from babyment.com (Jurong West) for review — not yet verified on site. · Hours: Daily: 10am to 10pm · Contact: 1800 222 2 · Listed facilities: (a) Door with lock (b) Sink (c) Changing station"", ""source"": ""USER_SUBMITTED"", ""address"": ""399 Yung Sheng Road Singapore 610399"", ""latitude"": 1.33484485199233, ""amenities"": {""has_lock"": true, ""has_sink"": true, ""dad_friendly"": false, ""can_buy_diaper"": false, ""has_diaper_mat"": false, ""has_power_outlet"": false, ""stroller_friendly"": false, ""has_changing_table"": true}, ""longitude"": 103.720462014216, ""floorLevel"": ""Level 1"", ""postalCode"": ""610399"", ""locationSource"": ""geocoded"", ""geocodedAddress"": ""399 YUNG SHENG ROAD TAMAN JURONG SHOPPING CENTRE SINGAPORE 610399""}",,,pending,,
2026-08-18T15:49:04.372872+00:00,9c951d6c-f55b-4315-bc4c-4ac16e73f4da,"{""name"": ""Kallang Leisure Park"", ""type"": ""Nursing Room"", ""notes"": ""Imported from babyment.com (Kallang) for review — not yet verified on site. · Hours: Daily:8am to 11pm · Contact: 6242 1220 · Listed facilities: (a) Sink (b) Changing station"", ""source"": ""USER_SUBMITTED"", ""address"": ""5 Stadium Walk Singapore 397693"", ""latitude"": 1.30230108405227, ""amenities"": {""has_lock"": false, ""has_sink"": true, ""dad_friendly"": false, ""can_buy_diaper"": false, ""has_diaper_mat"": false, ""has_power_outlet"": false, ""stroller_friendly"": false, ""has_changing_table"": true}, ""longitude"": 103.876473975883, ""floorLevel"": ""Level 1"", ""postalCode"": ""397693"", ""locationSource"": ""geocoded"", ""geocodedAddress"": ""5 STADIUM WALK LEISURE PARK KALLANG SINGAPORE 397693""}",,,pending,,
2026-08-18T15:49:10.659349+00:00,6941f7bb-2c8b-4484-bdcf-577ee468bc20,"{""name"": ""i12 Katong"", ""type"": ""Nursing Room"", ""notes"": ""Imported from babyment.com (Katong) for review — not yet verified on site. · Hours: Daily: 11:30am - 10:30pm · Contact: 6636 2112 · Listed facilities: (a) Lockable nursing room with bench (b) Changing table (c ) Sink"", ""source"": ""USER_SUBMITTED"", ""address"": ""112 East Coast Road Singapore 428802"", ""latitude"": 1.30520653617341, ""amenities"": {""has_lock"": true, ""has_sink"": true, ""dad_friendly"": false, ""can_buy_diaper"": false, ""has_diaper_mat"": false, ""has_power_outlet"": false, ""stroller_friendly"": false, ""has_changing_table"": true}, ""longitude"": 103.905046110228, ""floorLevel"": ""Level 3 and 4"", ""postalCode"": ""428802"", ""locationSource"": ""geocoded"", ""geocodedAddress"": ""112 EAST COAST ROAD 112 KATONG SINGAPORE 428802""}",,,pending,,
2026-08-18T15:49:16.994903+00:00,58777e94-d7ea-4c55-b038-7fc8e6d5dbf9,"{""name"": ""HDB Hub"", ""type"": ""Nursing Room"", ""notes"": ""Imported from babyment.com (Toa Payoh) for review — not yet verified on site. · Hours: Daily:10am to 10pm · Contact: 6490 1111 · Water dispenser: hot · Listed facilities: (a) Door with lock (b) Sink (c) Changing station"", ""source"": ""USER_SUBMITTED"", ""address"": ""480 Lorong 6 Toa Payoh Singapore 310480"", ""latitude"": 1.33205485190481, ""amenities"": {""has_lock"": true, ""has_sink"": true, ""dad_friendly"": false, ""can_buy_diaper"": false, ""has_diaper_mat"": false, ""has_power_outlet"": true, ""stroller_friendly"": false, ""has_changing_table"": true}, ""longitude"": 103.848507643079, ""floorLevel"": ""Level 2 and 3"", ""postalCode"": ""310480"", ""locationSource"": ""geocoded"", ""geocodedAddress"": ""480 LORONG 6 TOA PAYOH HDB HUB SINGAPORE 310480""}",,,pending,,
2026-08-18T15:48:48.224809+00:00,4964adb0-69dc-4cfc-ba3a-8dcaffccee5d,"{""name"": ""One @Kent Ridge"", ""type"": ""Nursing Room"", ""notes"": ""Imported from babyment.com (Clementi) for review — not yet verified on site. · Hours: Daily: 9am to 8pm · Contact: 1800 886 4 · Listed facilities: (a) Sink (b) Changing station"", ""source"": ""USER_SUBMITTED"", ""address"": ""1 Lower Kent Ridge Road Singapore 119082"", ""latitude"": 1.29351287719231, ""amenities"": {""has_lock"": false, ""has_sink"": true, ""dad_friendly"": false, ""can_buy_diaper"": false, ""has_diaper_mat"": false, ""has_power_outlet"": true, ""stroller_friendly"": false, ""has_changing_table"": true}, ""longitude"": 103.784685581372, ""floorLevel"": ""Level 1 and 3"", ""postalCode"": ""119082"", ""locationSource"": ""geocoded"", ""geocodedAddress"": ""1 LOWER KENT RIDGE ROAD NUH MEDICAL CENTRE SINGAPORE 119082""}",,,pending,,
2026-08-18T15:48:54.758395+00:00,1cac9b1e-8f91-4f47-b6ad-457ebc7d4154,"{""name"": ""Westgate"", ""type"": ""Nursing Room"", ""notes"": ""Imported from babyment.com (Jurong East) for review — not yet verified on site. · Hours: Daily: 10am to 10pm · Contact: 6908 3737 · Water dispenser: hot and cold · Listed facilities: (a) Door with lock (b) Sink (c) Changing station"", ""source"": ""USER_SUBMITTED"", ""address"": ""3 Gateway Drive Singapore 608532"", ""latitude"": 1.33415767556867, ""amenities"": {""has_lock"": true, ""has_sink"": true, ""dad_friendly"": false, ""can_buy_diaper"": false, ""has_diaper_mat"": false, ""has_power_outlet"": true, ""stroller_friendly"": false, ""has_changing_table"": true}, ""longitude"": 103.742766484424, ""floorLevel"": ""Level B1 and 4"", ""postalCode"": ""608532"", ""locationSource"": ""geocoded"", ""geocodedAddress"": ""3 GATEWAY DRIVE WESTGATE SINGAPORE 608532""}",,,pending,,
2026-08-18T15:49:01.136741+00:00,12c68446-cfa8-4e70-bad9-349e17704613,"{""name"": ""Kallang Wave Mall"", ""type"": ""Nursing Room"", ""notes"": ""Imported from babyment.com (Kallang) for review — not yet verified on site. · Hours: Daily:10am to 10:30pm · Contact: 6702 5168 · Water dispenser: hot and cold · Listed facilities: (a) Sink (b) Changing station"", ""source"": ""USER_SUBMITTED"", ""address"": ""1 Stadium Place Singapore 397628"", ""latitude"": 1.30307515150401, ""amenities"": {""has_lock"": false, ""has_sink"": true, ""dad_friendly"": false, ""can_buy_diaper"": false, ""has_diaper_mat"": false, ""has_power_outlet"": true, ""stroller_friendly"": false, ""has_changing_table"": true}, ""longitude"": 103.873149707591, ""floorLevel"": ""Level 1 and 2"", ""postalCode"": ""397628"", ""locationSource"": ""geocoded"", ""geocodedAddress"": ""1 STADIUM PLACE KALLANG WAVE MALL SINGAPORE 397628""}",,,pending,,
2026-08-18T15:49:07.549734+00:00,e295416b-b5f9-4a5d-aab0-ab0fc284c680,"{""name"": ""ICA"", ""type"": ""Nursing Room"", ""notes"": ""Imported from babyment.com (Kallang) for review — not yet verified on site. · Hours: Weekdays 8.00 am to 5.00 pm Saturdays 8.00 am to 1.00 pm · Contact: 6391 6100 · Listed facilities: (a) Changing station (b) Sink"", ""source"": ""USER_SUBMITTED"", ""address"": ""10 Kallang Road Singapore 208718"", ""latitude"": 1.30663469653195, ""amenities"": {""has_lock"": false, ""has_sink"": true, ""dad_friendly"": false, ""can_buy_diaper"": false, ""has_diaper_mat"": false, ""has_power_outlet"": false, ""stroller_friendly"": false, ""has_changing_table"": true}, ""longitude"": 103.862772815008, ""floorLevel"": ""Level 2 and 3"", ""postalCode"": ""208718"", ""locationSource"": ""geocoded"", ""geocodedAddress"": ""10 KALLANG ROAD ICA HQ SINGAPORE 208718""}",,,pending,,
2026-08-18T15:49:13.827193+00:00,674c6b6b-c24f-4afe-b48d-cad08fa9a02b,"{""name"": ""Safra Toa Payoh"", ""type"": ""Nursing Room"", ""notes"": ""Imported from babyment.com (Toa Payoh) for review — not yet verified on site. · Hours: Daily: 9am to 9pm · Contact: 6259 4000 · Water dispenser: hot and cold · Listed facilities: (a) Door with lock (b) Sink (c) Changing station"", ""source"": ""USER_SUBMITTED"", ""address"": ""293 Toa Payoh Lorong 6 Singapore 319387"", ""latitude"": 1.32980734122541, ""amenities"": {""has_lock"": true, ""has_sink"": true, ""dad_friendly"": false, ""can_buy_diaper"": false, ""has_diaper_mat"": false, ""has_power_outlet"": false, ""stroller_friendly"": false, ""has_changing_table"": true}, ""longitude"": 103.854404351339, ""floorLevel"": ""Level 1, 2 and 3"", ""postalCode"": ""319387"", ""locationSource"": ""geocoded"", ""geocodedAddress"": ""293 LORONG 6 TOA PAYOH SAFRA CLUBHOUSE (TOA PAYOH) SINGAPORE 319387""}",,,pending,,
2026-08-18T15:49:20.19804+00:00,1d24c803-883e-44c7-83e6-b97257dac588,"{""name"": ""Pasir Ris Mall"", ""type"": ""Nursing Room"", ""notes"": ""Imported from babyment.com (Pasir Ris) for review — not yet verified on site. · Hours: 10am – 10pm · Water dispenser: hot and cold · Listed facilities: (a) Changing Station (b) Sink"", ""source"": ""USER_SUBMITTED"", ""address"": ""7 Pasir Ris Central Singapore 519612"", ""latitude"": 1.37382437779468, ""amenities"": {""has_lock"": false, ""has_sink"": true, ""dad_friendly"": false, ""can_buy_diaper"": false, ""has_diaper_mat"": false, ""has_power_outlet"": false, ""stroller_friendly"": false, ""has_changing_table"": true}, ""longitude"": 103.948748873616, ""floorLevel"": ""Level B2, B1 and 2"", ""postalCode"": ""519612"", ""locationSource"": ""geocoded"", ""geocodedAddress"": ""7 PASIR RIS CENTRAL PASIR RIS MALL SINGAPORE 519612""}",,,pending,,
2026-08-18T15:49:23.535172+00:00,d667ffc4-fec3-4866-b2d2-c3d119090c8b,"{""name"": ""Changi Airport Terminal 4"", ""type"": ""Nursing Room"", ""notes"": ""Imported from babyment.com (Pasir Ris) for review — not yet verified on site. · Hours: Open 24 Hours · Water dispenser: hot and cold · Listed facilities: (a) Door with lock (b) High chair (c) Bottle warmer (d) Sink (e) Waiting area"", ""source"": ""USER_SUBMITTED"", ""address"": ""30 Airport Boulevard Singapore 819662"", ""latitude"": 1.3381452163383, ""amenities"": {""has_lock"": true, ""has_sink"": true, ""dad_friendly"": false, ""can_buy_diaper"": false, ""has_diaper_mat"": false, ""has_power_outlet"": true, ""stroller_friendly"": false, ""has_changing_table"": false}, ""longitude"": 103.98363570815, ""floorLevel"": ""Level 1, 2, Transit Departure"", ""postalCode"": ""819662"", ""locationSource"": ""geocoded"", ""geocodedAddress"": ""10 AIRPORT BOULEVARD CHANGI AIRPORT TERMINAL 4 SINGAPORE 819665""}",,,pending,,
2026-08-18T15:49:26.732034+00:00,31b8897b-d4ae-4561-8770-fe7e63b14e43,"{""name"": ""White Sands"", ""type"": ""Nursing Room"", ""notes"": ""Imported from babyment.com (Pasir Ris) for review — not yet verified on site. · Hours: Daily: 11am to 7pm · Contact: 1800 363 3 · Listed facilities: (a) Door with lock (b) Sink (c) Changing station"", ""source"": ""USER_SUBMITTED"", ""address"": ""1 Pasir Ris Central Street 3 Singapore 518457"", ""latitude"": 1.37244981663527, ""amenities"": {""has_lock"": true, ""has_sink"": true, ""dad_friendly"": false, ""can_buy_diaper"": false, ""has_diaper_mat"": false, ""has_power_outlet"": true, ""stroller_friendly"": false, ""has_changing_table"": true}, ""longitude"": 103.949715694737, ""floorLevel"": ""Level B1,4 and 5"", ""postalCode"": ""518457"", ""locationSource"": ""geocoded"", ""geocodedAddress"": ""1 PASIR RIS CENTRAL STREET 3 WHITE SANDS SINGAPORE 518457""}",,,pending,,
2026-08-18T15:49:29.930481+00:00,38dd2431-a0c3-457a-9f49-972f44aa8c43,"{""name"": ""E!Hub Downtown East"", ""type"": ""Nursing Room"", ""notes"": ""Imported from babyment.com (Pasir Ris) for review — not yet verified on site. · Contact: 6589 1688 · Listed facilities: (a) Changing station (b) Sink"", ""source"": ""USER_SUBMITTED"", ""address"": ""1 Pasir Ris Close Singapore 519599"", ""latitude"": 1.37912717878008, ""amenities"": {""has_lock"": false, ""has_sink"": true, ""dad_friendly"": false, ""can_buy_diaper"": false, ""has_diaper_mat"": false, ""has_power_outlet"": false, ""stroller_friendly"": false, ""has_changing_table"": true}, ""longitude"": 103.955444758145, ""floorLevel"": ""Level 2"", ""postalCode"": ""519599"", ""locationSource"": ""geocoded"", ""geocodedAddress"": ""1 PASIR RIS CLOSE COSTA SANDS RESORT (DOWNTOWN EAST) SINGAPORE 519599""}",,,pending,,
2026-08-18T15:49:33.055679+00:00,a6a13e86-3a8e-4bd0-8703-a2911ddd0db3,"{""name"": ""Northshore Plaza"", ""type"": ""Nursing Room"", ""notes"": ""Imported from babyment.com (Punggol) for review — not yet verified on site. · Water dispenser: cold · Listed facilities: (a) Changing Station (b) Sink"", ""source"": ""USER_SUBMITTED"", ""address"": ""407 Northshore Drive Singapore 820407"", ""latitude"": 1.41675822948163, ""amenities"": {""has_lock"": false, ""has_sink"": true, ""dad_friendly"": false, ""can_buy_diaper"": false, ""has_diaper_mat"": false, ""has_power_outlet"": false, ""stroller_friendly"": false, ""has_changing_table"": true}, ""longitude"": 103.902077462626, ""floorLevel"": """", ""postalCode"": ""820407"", ""locationSource"": ""geocoded"", ""geocodedAddress"": ""407 NORTHSHORE DRIVE NORTHSHORE PLAZA I SINGAPORE 820407""}",,,pending,,
2026-08-18T15:49:39.429042+00:00,320c4617-bf21-4f2a-9cd1-a4a97506f061,"{""name"": ""Sun Plaza"", ""type"": ""Nursing Room"", ""notes"": ""Imported from babyment.com (Sembawang) for review — not yet verified on site. · Hours: 10am - 10pm · Listed facilities: (a) Changing Station (b) Sink"", ""source"": ""USER_SUBMITTED"", ""address"": ""30 Sembawang Dr Singapore 757713"", ""latitude"": 1.44819535371132, ""amenities"": {""has_lock"": false, ""has_sink"": true, ""dad_friendly"": false, ""can_buy_diaper"": false, ""has_diaper_mat"": false, ""has_power_outlet"": false, ""stroller_friendly"": false, ""has_changing_table"": true}, ""longitude"": 103.819502127155, ""floorLevel"": ""Level 3 and 4"", ""postalCode"": ""757713"", ""locationSource"": ""geocoded"", ""geocodedAddress"": ""30 SEMBAWANG DRIVE SUN PLAZA SINGAPORE 757713""}",,,pending,,
2026-08-18T15:49:45.752944+00:00,3a0b36b6-480b-4955-a72b-8f5cba2cf84b,"{""name"": ""Sengkang Grand Mall"", ""type"": ""Nursing Room"", ""notes"": ""Imported from babyment.com (Sengkang) for review — not yet verified on site. · Hours: 10am to 10pm · Water dispenser: hot and cold · Listed facilities: (a) Changing Station (b) Sink"", ""source"": ""USER_SUBMITTED"", ""address"": ""70 Compassvale Bow Singapore 544692"", ""latitude"": 1.38298163203344, ""amenities"": {""has_lock"": false, ""has_sink"": true, ""dad_friendly"": false, ""can_buy_diaper"": false, ""has_diaper_mat"": false, ""has_power_outlet"": false, ""stroller_friendly"": false, ""has_changing_table"": true}, ""longitude"": 103.892721007746, ""floorLevel"": ""Level 1"", ""postalCode"": ""544692"", ""locationSource"": ""geocoded"", ""geocodedAddress"": ""70 COMPASSVALE BOW SENGKANG GRAND MALL SINGAPORE 544692""}",,,pending,,
2026-08-18T15:49:51.981687+00:00,c28fd724-586a-491f-8fd9-f3becdff7308,"{""name"": ""Seletar Mall"", ""type"": ""Nursing Room"", ""notes"": ""Imported from babyment.com (Sengkang) for review — not yet verified on site. · Hours: Daily: 10am to 10pm · Contact: 6341 6252 · Water dispenser: hot · Listed facilities: (a) Door with lock (b) Sink (c) Changing station"", ""source"": ""USER_SUBMITTED"", ""address"": ""33 Sengkang West Avenue Singapore 797653"", ""latitude"": 1.39147015374628, ""amenities"": {""has_lock"": true, ""has_sink"": true, ""dad_friendly"": false, ""can_buy_diaper"": false, ""has_diaper_mat"": false, ""has_power_outlet"": false, ""stroller_friendly"": false, ""has_changing_table"": true}, ""longitude"": 103.876125507257, ""floorLevel"": ""Level B1, 2, 3 and 4"", ""postalCode"": ""797653"", ""locationSource"": ""geocoded"", ""geocodedAddress"": ""33 SENGKANG WEST AVENUE THE SELETAR MALL SINGAPORE 797653""}",,,pending,,
2026-08-18T15:50:30.017529+00:00,1ab6da7d-9ac6-4993-b20e-d874721db568,"{""name"": ""S.E.A.Aquarium"", ""type"": ""Nursing Room"", ""notes"": ""Imported from babyment.com (Telok Blangah) for review — not yet verified on site. · Hours: Daily: 10am to 7pm · Contact: 6577 8899 · Listed facilities: (a) Door with lock (b) Sink (c) Changing station"", ""source"": ""USER_SUBMITTED"", ""address"": ""8 Sentosa Gateway Singapore 98269"", ""latitude"": 1.25500579622092, ""amenities"": {""has_lock"": true, ""has_sink"": true, ""dad_friendly"": false, ""can_buy_diaper"": false, ""has_diaper_mat"": false, ""has_power_outlet"": true, ""stroller_friendly"": false, ""has_changing_table"": true}, ""longitude"": 103.820259163829, ""floorLevel"": ""Ticket gantry area"", ""postalCode"": """", ""locationSource"": ""geocoded"", ""geocodedAddress"": null}",,,pending,,
2026-08-18T15:49:36.21648+00:00,d6bfe497-982f-42a1-bde9-314991193a8e,"{""name"": ""One Punggol"", ""type"": ""Nursing Room"", ""notes"": ""Imported from babyment.com (Punggol) for review — not yet verified on site. · Hours: 10am to 6pm · Water dispenser: hot and cold · Listed facilities: (a) Changing Station (b) Sink"", ""source"": ""USER_SUBMITTED"", ""address"": ""1 Punggol Drive Singapore 828629"", ""latitude"": 1.40872847596132, ""amenities"": {""has_lock"": false, ""has_sink"": true, ""dad_friendly"": false, ""can_buy_diaper"": false, ""has_diaper_mat"": false, ""has_power_outlet"": true, ""stroller_friendly"": false, ""has_changing_table"": true}, ""longitude"": 103.905154924923, ""floorLevel"": """", ""postalCode"": ""828629"", ""locationSource"": ""geocoded"", ""geocodedAddress"": ""1 PUNGGOL DRIVE ONE PUNGGOL SINGAPORE 828629""}",,,pending,,
2026-08-18T15:49:42.614928+00:00,28e80d7b-6d2a-4fc0-a7f9-ce0358ba1020,"{""name"": ""Sembawang Shopping Centre"", ""type"": ""Nursing Room"", ""notes"": ""Imported from babyment.com (Sembawang) for review — not yet verified on site. · Hours: Daily: 10am to 10pm · Contact: 6757 8000 · Water dispenser: hot and cold · Listed facilities: (a) Curtain (b) Sink (c) Changing station"", ""source"": ""USER_SUBMITTED"", ""address"": ""604 Sembawang Road Singapore 758459"", ""latitude"": 1.44182470675733, ""amenities"": {""has_lock"": false, ""has_sink"": true, ""dad_friendly"": false, ""can_buy_diaper"": false, ""has_diaper_mat"": false, ""has_power_outlet"": true, ""stroller_friendly"": false, ""has_changing_table"": true}, ""longitude"": 103.824845207237, ""floorLevel"": ""Level B1 and 3"", ""postalCode"": ""758459"", ""locationSource"": ""geocoded"", ""geocodedAddress"": ""604 SEMBAWANG ROAD SEMBAWANG SHOPPING CENTRE SINGAPORE 758459""}",,,pending,,
2026-08-18T15:49:48.872571+00:00,41989388-8aaf-4ecb-90de-7e0eaed26b43,"{""name"": ""Rivervale Mall"", ""type"": ""Nursing Room"", ""notes"": ""Imported from babyment.com (Sengkang) for review — not yet verified on site. · Hours: 10.00am - 10.00pm · Water dispenser: hot and cold · Listed facilities: (a) Changing Station (b) Sink"", ""source"": ""USER_SUBMITTED"", ""address"": ""11 Rivervale Crescent Singapore 545082"", ""latitude"": 1.39250410994833, ""amenities"": {""has_lock"": false, ""has_sink"": true, ""dad_friendly"": false, ""can_buy_diaper"": false, ""has_diaper_mat"": false, ""has_power_outlet"": false, ""stroller_friendly"": false, ""has_changing_table"": true}, ""longitude"": 103.904483668323, ""floorLevel"": """", ""postalCode"": ""545082"", ""locationSource"": ""geocoded"", ""geocodedAddress"": ""11 RIVERVALE CRESCENT SINGAPORE 545082""}",,,pending,,
2026-08-18T15:49:55.169221+00:00,ebab7c52-5e90-49de-a479-e6777caa94d0,"{""name"": ""MyVillage at Serangoon Garden"", ""type"": ""Nursing Room"", ""notes"": ""Imported from babyment.com (Serangoon) for review — not yet verified on site. · Hours: Daily: 11am to 11pm · Contact: 6634 2288 · Listed facilities: (a) Door with lock (b) Sink"", ""source"": ""USER_SUBMITTED"", ""address"": ""1 Maju Avenue Singapore 556679"", ""latitude"": 1.36511490572797, ""amenities"": {""has_lock"": true, ""has_sink"": true, ""dad_friendly"": false, ""can_buy_diaper"": false, ""has_diaper_mat"": false, ""has_power_outlet"": false, ""stroller_friendly"": false, ""has_changing_table"": false}, ""longitude"": 103.865159501442, ""floorLevel"": ""Level 2"", ""postalCode"": ""556679"", ""locationSource"": ""geocoded"", ""geocodedAddress"": ""1 MAJU AVENUE MYVILLAGE AT SERANGOON GARDEN SINGAPORE 556679""}",,,pending,,
2026-08-18T15:50:01.487638+00:00,48a8dcc4-1c0f-48e8-a14e-b0726d7d5435,"{""name"": ""Expo"", ""type"": ""Nursing Room"", ""notes"": ""Imported from babyment.com (Simei) for review — not yet verified on site. · Contact: 6403 2160 · Water dispenser: hot and cold · Listed facilities: (a) Door with lock (b) High chair (c) Sink (d) Changing station"", ""source"": ""USER_SUBMITTED"", ""address"": ""1 Expo Drive Singapore 486150"", ""latitude"": 1.33440171008315, ""amenities"": {""has_lock"": true, ""has_sink"": true, ""dad_friendly"": false, ""can_buy_diaper"": false, ""has_diaper_mat"": false, ""has_power_outlet"": true, ""stroller_friendly"": false, ""has_changing_table"": true}, ""longitude"": 103.960360055236, ""floorLevel"": ""Next to Hall 6"", ""postalCode"": ""486150"", ""locationSource"": ""geocoded"", ""geocodedAddress"": ""1 EXPO DRIVE SINGAPORE EXPO SINGAPORE 486150""}",,,pending,,
2026-08-18T15:50:07.968226+00:00,67651f26-ee18-427f-a257-cd3a79a7f57c,"{""name"": ""Giant Hypermarket Tampines"", ""type"": ""Nursing Room"", ""notes"": ""Imported from babyment.com (Tampines) for review — not yet verified on site. · Hours: Sunday to Thursday: 8am to Midnight Friday and Saturday:8am to 2am · Contact: 6788 5919 · Listed facilities: (a) Changing station (b) Sink"", ""source"": ""USER_SUBMITTED"", ""address"": ""21 Tampines North Drive 2 Singapore 528765"", ""latitude"": 1.37210169874539, ""amenities"": {""has_lock"": false, ""has_sink"": true, ""dad_friendly"": false, ""can_buy_diaper"": false, ""has_diaper_mat"": false, ""has_power_outlet"": false, ""stroller_friendly"": false, ""has_changing_table"": true}, ""longitude"": 103.931999887543, ""floorLevel"": ""Level 2"", ""postalCode"": ""528765"", ""locationSource"": ""geocoded"", ""geocodedAddress"": ""21 TAMPINES NORTH DRIVE 2 GIANT SINGAPORE 528765""}",,,pending,,
2026-08-18T15:50:14.376894+00:00,f33c4934-98dc-46e5-b081-f2b757efe575,"{""name"": ""Changi Airport Terminal 3"", ""type"": ""Nursing Room"", ""notes"": ""Imported from babyment.com (Tampines) for review — not yet verified on site. · Hours: Open 24 Hours · Contact: 6595 6868. · Water dispenser: hot and cold · Listed facilities: (a) Door with lock (b) High chair (c) Bottle warmer (d) Sink (e) Waiting area"", ""source"": ""USER_SUBMITTED"", ""address"": ""65 Airport Boulevard Singapore 819663"", ""latitude"": 1.35662609413487, ""amenities"": {""has_lock"": true, ""has_sink"": true, ""dad_friendly"": false, ""can_buy_diaper"": false, ""has_diaper_mat"": false, ""has_power_outlet"": true, ""stroller_friendly"": false, ""has_changing_table"": false}, ""longitude"": 103.986562208495, ""floorLevel"": ""Level 1, 2, 3 and Transit Departure"", ""postalCode"": ""819663"", ""locationSource"": ""geocoded"", ""geocodedAddress"": ""65 AIRPORT BOULEVARD CHANGI AIRPORT TERMINAL 3 BUILDING SINGAPORE 819663""}",,,pending,,
2026-08-18T15:50:20.704902+00:00,c3060225-fedc-488f-a3a8-5d4ed1c71b20,"{""name"": ""Changi Airport Terminal 1"", ""type"": ""Nursing Room"", ""notes"": ""Imported from babyment.com (Tampines) for review — not yet verified on site. · Hours: Open 24 Hours · Contact: 6595 6868. · Water dispenser: hot and cold · Listed facilities: (a) Door with lock (b) High chair (c) Bottle warmer (d) Sink (e) Waiting area"", ""source"": ""USER_SUBMITTED"", ""address"": ""80 Airport Boulevard Singapore 819642"", ""latitude"": 1.36170882129274, ""amenities"": {""has_lock"": true, ""has_sink"": true, ""dad_friendly"": false, ""can_buy_diaper"": false, ""has_diaper_mat"": false, ""has_power_outlet"": true, ""stroller_friendly"": false, ""has_changing_table"": false}, ""longitude"": 103.990348823757, ""floorLevel"": ""Level 1, 2, 3 and Transit Departure"", ""postalCode"": ""819642"", ""locationSource"": ""geocoded"", ""geocodedAddress"": ""80 AIRPORT BOULEVARD CHANGI AIRPORT TERMINAL 1 BUILDING SINGAPORE 819642""}",,,pending,,
2026-08-18T15:50:27.049613+00:00,17b26370-85f2-4e01-bf44-a15ec781594d,"{""name"": ""Singapore Cruise Centre"", ""type"": ""Nursing Room"", ""notes"": ""Imported from babyment.com (Telok Blangah) for review — not yet verified on site. · Hours: Daily: 8:30am to 6pm · Contact: 6513 2200 · Listed facilities: (a) Door with lock (b) Sink (c) Changing station"", ""source"": ""USER_SUBMITTED"", ""address"": ""1 Maritime Square Singapore 99253"", ""latitude"": 1.26396991176004, ""amenities"": {""has_lock"": true, ""has_sink"": true, ""dad_friendly"": false, ""can_buy_diaper"": false, ""has_diaper_mat"": false, ""has_power_outlet"": false, ""stroller_friendly"": false, ""has_changing_table"": true}, ""longitude"": 103.820243325181, ""floorLevel"": ""Waiting Area in transit"", ""postalCode"": """", ""locationSource"": ""geocoded"", ""geocodedAddress"": ""1 MARITIME SQUARE SINGAPORE 099253""}",,,pending,,
2026-08-18T15:50:33.209716+00:00,fb4293e4-21c1-4e76-9901-d78704e443cd,"{""name"": ""Mount Alvernia Hospital"", ""type"": ""Nursing Room"", ""notes"": ""Imported from babyment.com (Thomson) for review — not yet verified on site. · Hours: Open 24 Hours · Contact: 6347 6688 · Listed facilities: (a) Curtain (b) Sofa (c) Waiting area"", ""source"": ""USER_SUBMITTED"", ""address"": ""820 Thomson Road Singapore 574623"", ""latitude"": 1.34181992530127, ""amenities"": {""has_lock"": false, ""has_sink"": false, ""dad_friendly"": false, ""can_buy_diaper"": false, ""has_diaper_mat"": false, ""has_power_outlet"": true, ""stroller_friendly"": false, ""has_changing_table"": false}, ""longitude"": 103.837593772832, ""floorLevel"": ""Level B3"", ""postalCode"": ""574623"", ""locationSource"": ""geocoded"", ""geocodedAddress"": ""820 THOMSON ROAD MOUNT ALVERNIA HOSPITAL SINGAPORE 574623""}",,,pending,,
2026-08-18T15:50:36.388628+00:00,7e5da1a8-6b25-48a8-b0c3-dc5322f5eb30,"{""name"": ""MSF Building"", ""type"": ""Nursing Room"", ""notes"": ""Imported from babyment.com (Thomson) for review — not yet verified on site. · Hours: Mon-Thur: 8.30am to 6pm Fri: 8.30am to 5.30pm · Contact: 1800-25860 · Water dispenser: hot · Listed facilities: (a) Door with lock (b) Sink (c) Changing station"", ""source"": ""USER_SUBMITTED"", ""address"": ""512 Thomson Road Singapore 298136"", ""latitude"": 1.33365024539466, ""amenities"": {""has_lock"": true, ""has_sink"": true, ""dad_friendly"": false, ""can_buy_diaper"": false, ""has_diaper_mat"": false, ""has_power_outlet"": false, ""stroller_friendly"": false, ""has_changing_table"": true}, ""longitude"": 103.839419152563, ""floorLevel"": ""Level 1 and 5"", ""postalCode"": ""298136"", ""locationSource"": ""geocoded"", ""geocodedAddress"": ""512 THOMSON ROAD SINGAPORE 298136""}",,,pending,,
2026-08-18T15:50:39.544453+00:00,79dc5733-0b40-4883-b74e-d1a9048efda1,"{""name"": ""New Bahru"", ""type"": ""Nursing Room"", ""notes"": ""Imported from babyment.com (Tiong Bahru) for review — not yet verified on site. · Hours: 10am to 10pm · Water dispenser: hot and cold · Listed facilities: (a) Changing Station (b) Sink"", ""source"": ""USER_SUBMITTED"", ""address"": ""46 Kim Yam Road Singapore 239351"", ""latitude"": 1.29218706192429, ""amenities"": {""has_lock"": false, ""has_sink"": true, ""dad_friendly"": false, ""can_buy_diaper"": false, ""has_diaper_mat"": false, ""has_power_outlet"": false, ""stroller_friendly"": false, ""has_changing_table"": true}, ""longitude"": 103.839288361715, ""floorLevel"": ""Level 1"", ""postalCode"": ""239351"", ""locationSource"": ""geocoded"", ""geocodedAddress"": ""46 KIM YAM ROAD NEW BAHRU SINGAPORE 239351""}",,,pending,,
2026-08-18T15:50:42.689955+00:00,8482ea6f-4e73-4012-b3a2-5f878a86648b,"{""name"": ""Bird Paradise"", ""type"": ""Nursing Room"", ""notes"": ""Imported from babyment.com (Yishun) for review — not yet verified on site. · Hours: 9am to 6pm · Listed facilities: (a) Door with lock (b) Sink (c) Changing station"", ""source"": ""USER_SUBMITTED"", ""address"": ""20 Mandai Lake Road Singapore 729825"", ""latitude"": 1.40649071206901, ""amenities"": {""has_lock"": true, ""has_sink"": true, ""dad_friendly"": false, ""can_buy_diaper"": false, ""has_diaper_mat"": false, ""has_power_outlet"": true, ""stroller_friendly"": false, ""has_changing_table"": true}, ""longitude"": 103.779703861226, ""floorLevel"": ""Entrance, Penguin Cove Level 1, Food Central and Egg Splash"", ""postalCode"": ""729825"", ""locationSource"": ""geocoded"", ""geocodedAddress"": ""20 MANDAI LAKE ROAD RAINFOREST WILD ADVENTURE WEST SINGAPORE 729825""}",,,pending,,
2026-08-18T15:50:45.843917+00:00,2c4a7fc2-6b5f-4b82-8b7c-b9ae3cdc63d6,"{""name"": ""Safra Yishun"", ""type"": ""Nursing Room"", ""notes"": ""Imported from babyment.com (Yishun) for review — not yet verified on site. · Hours: Daily: 9am to 9pm · Contact: 6377 9889 · Water dispenser: hot and cold · Listed facilities: (a) Door with lock (b) Sink (c) Changing station"", ""source"": ""USER_SUBMITTED"", ""address"": ""60 Yishun Avenue 4 Singapore 769027"", ""latitude"": 1.42429842524371, ""amenities"": {""has_lock"": true, ""has_sink"": true, ""dad_friendly"": false, ""can_buy_diaper"": false, ""has_diaper_mat"": false, ""has_power_outlet"": true, ""stroller_friendly"": false, ""has_changing_table"": true}, ""longitude"": 103.84090184625, ""floorLevel"": ""Level 1"", ""postalCode"": ""769027"", ""locationSource"": ""geocoded"", ""geocodedAddress"": ""60 YISHUN AVENUE 4 SAFRA YISHUN COUNTRY CLUB SINGAPORE 769027""}",,,pending,,
