address,building_match_confidence,created_at,id,latitude,location,longitude,name,postal_code,removed_at,removed_reason,source,type,updated_at
460 ALEXANDRA ROAD ALEXANDRA RETAIL CENTRE (ARC) SINGAPORE 119963,HIGH,2026-08-15T18:21:33.835675+00:00,3b30f29f-c12a-4e47-98b9-23ffaba1b13b,1.27414894,0101000020E61000000567C7204AF359401DC1B9FEE962F43F,103.80139942,Alexandra Retail Mall,119963,,,BMSG,Nursing Room,2026-08-15T18:21:33.835675+00:00
991 BUANGKOK LINK 3-QUICK CUT BUANGKOK SQUARE MALL SINGAPORE 530991,HIGH,2026-08-15T18:21:33.835675+00:00,834c1384-f9cd-4223-80d8-24f8bce03148,1.38411655,0101000020E61000008A639B6A66F859407B8D44655725F63F,103.881251,Buangkok Square Mall,530991,,,BMSG,Family Room,2026-08-15T18:21:33.835675+00:00
20 NASSIM ROAD EMBASSY OF THE REPUBLIC OF THE PHILIPPINES SINGAPORE 258395,HIGH,2026-08-15T18:21:33.835675+00:00,d255e431-4cfe-46cd-a5dc-385015b65c6d,1.30906511,0101000020E610000078B1DB19A9F459408C29ED42EEF1F43F,103.82282111,Embassy of the Republic of the Philippines in Singapore,258395,,,BMSG,Nursing Room,2026-08-15T18:21:33.835675+00:00
583 ORCHARD ROAD CHILTERN HOUSE FORUM SINGAPORE 238884,LOW_REVIEW,2026-08-15T18:21:33.835675+00:00,a7432643-5e19-4864-9ded-3d8a315c01e4,1.3061958,0101000020E61000003364AE4A06F55940EDC6F6902DE6F43F,103.82850902,Forum Shopping Mall,238884,,,BMSG+SassyMama,Nursing Room,2026-08-15T18:21:33.835675+00:00
2 JURONG EAST STREET 21 IMM BUILDING SINGAPORE 609601,LOW_REVIEW,2026-08-15T18:21:33.835675+00:00,a89dc6c0-8b05-4ade-88f7-0205e7657f37,1.33487526,0101000020E6100000DAE7BB1FCDEF594004207029A65BF53F,103.74689477,IMM,609601,,,BMSG+SassyMama,Nursing Room,2026-08-15T18:21:33.835675+00:00
181 ORCHARD ROAD ORCHARD CENTRAL SINGAPORE 238896,HIGH,2026-08-15T18:21:33.835675+00:00,e3307c7c-8f31-4b93-865c-3938cfb9e02b,1.30083891,0101000020E6100000404E764CB9F55940018F8E753CD0F43F,103.83943473,Orchard Central,238896,,,BMSG+SassyMama,Nursing Room,2026-08-15T18:21:33.835675+00:00
290 ORCHARD ROAD MINDCHAMPS PRESCHOOL @ PARAGON PTE. LIMITED SINGAPORE 238859,LOW_REVIEW,2026-08-15T18:21:33.835675+00:00,cbbe816e-7607-47fc-b489-082597046e35,1.30372322,0101000020E61000001113C89374F55940ED720CE20CDCF43F,103.83524031,Paragon,238859,,,BMSG+SassyMama,Nursing Room,2026-08-15T18:21:33.835675+00:00
80 MARINE PARADE ROAD MARINE PARADE POST OFFICE SINGAPORE 449269,LOW_REVIEW,2026-08-15T18:21:33.835675+00:00,1cd6860b-6342-4b50-b90c-abb1d6378f80,1.30104196,0101000020E61000008A9E44CBF3F959409EC50A6011D1F43F,103.90550501,Parkway Parade,449269,,,BMSG+SassyMama,Nursing Room,2026-08-15T18:21:33.835675+00:00
252 NORTH BRIDGE ROAD RAFFLES CITY SHOPPING CENTRE SINGAPORE 179103,HIGH,2026-08-15T18:21:33.835675+00:00,0b56a972-c673-4c0a-9b2c-9cb6f917e0e0,1.29389358,0101000020E61000001B843A8499F659400DBDCBC0C9B3F43F,103.8531199,Raffles City Shopping Centre,179103,,,BMSG+SassyMama,Nursing Room,2026-08-15T18:21:33.835675+00:00
1 RAFFLES BOULEVARD SUNTEC SINGAPORE CONVENTION & EXHIBITION CENTRE SINGAPORE 039593,HIGH,2026-08-15T18:21:33.835675+00:00,6700b754-e49b-41f1-81df-f5aa44b3206a,1.29350362,0101000020E610000091BEBF47DCF659407F1E1CDB30B2F43F,103.85719484,Suntec Convention Centre,039593,,,BMSG+SassyMama,Nursing Room,2026-08-15T18:21:33.835675+00:00
391 Orchard Rd Singapore 238872,NOMINATIM,2026-08-15T18:21:33.835675+00:00,747e3981-c5c8-4939-89c2-02a050b3b286,1.3022662,0101000020E6100000BE8EEED668F55940A8FA3A1515D6F43F,103.8345239,Takashimaya,,,,BMSG+SassyMama,Nursing Room,2026-08-15T18:21:33.835675+00:00
1 VISTA EXCHANGE GREEN NEW CREATION CHURCH SINGAPORE 138617,LOW_REVIEW,2026-08-15T18:21:33.835675+00:00,974e5437-c44e-44f1-a5d8-ba5d483709de,1.30695082,0101000020E6100000AC2B7A4C73F2594054F3764445E9F43F,103.78828728,The Star Vista,138617,,,BMSG,Nursing Room,2026-08-15T18:21:33.835675+00:00
101 Thomson Rd Singapore 307591,NOMINATIM,2026-08-15T18:21:33.835675+00:00,08a16b78-4d70-40e3-b12d-db70ec721d52,1.3173631,0101000020E6100000CB37914FFEF5594099507754EB13F53F,103.8436469,United Square,,,,BMSG+SassyMama,Nursing Room,2026-08-15T18:21:33.835675+00:00
1 HARBOURFRONT WALK GOLDEN VILLAGE (GV VIVOCITY) SINGAPORE 098585,LOW_REVIEW,2026-08-15T18:21:33.835675+00:00,00572f92-557f-420c-a268-c660bb05598e,1.26431382,0101000020E6100000E827E9D99CF45940B71D1F22A13AF43F,103.82207344,VivoCity,098585,,,BMSG+SassyMama,Nursing Room,2026-08-15T18:21:33.835675+00:00
83 Punggol Central Singapore 828763,NOMINATIM,2026-08-15T18:21:33.835675+00:00,e783cd7c-e7b4-4609-826c-05837c9ca456,1.4064266,0101000020E6100000246AFD88BAF959407297B32DB980F63F,103.9020102,Waterway Point,,,,BMSG+SassyMama,Nursing Room,2026-08-15T18:21:33.835675+00:00
10 Buangkok View Singapore 539747,NOMINATIM,2026-08-15T18:21:33.835675+00:00,eecd6f03-6894-4501-b176-415559660d61,1.3818932,0101000020E6100000A2D524D37CF859405E09490B3C1CF63F,103.8826187,Institute of Mental Health,,,,BMSG,Nursing Pod,2026-08-15T18:21:33.835675+00:00
1 JURONG EAST STREET 21 JURONG COMMUNITY HOSPITAL SINGAPORE 609606,LOW_REVIEW,2026-08-15T18:21:33.835675+00:00,2c91391e-d76a-40c0-8579-a873e40119c7,1.33260944,0101000020E6100000360A04DEC8EF5940EDD3CC455E52F53F,103.74663496,Ng Teng Fong Hospital,609606,,,BMSG,Nursing Rooms,2026-08-15T18:21:33.835675+00:00
587 Upper Serangoon Rd Singapore 534564,NOMINATIM,2026-08-15T18:21:33.835675+00:00,854e1550-b1f3-45cf-a60c-7e3a935ec272,1.3508497,0101000020E6100000A331A4D4EFF759408AFB3493149DF53F,103.8740131,Serangoon Polyclinic,,,,BMSG,Nursing Room,2026-08-15T18:21:33.835675+00:00
450 Clementi Avenue 1 Singapore 129955,NOMINATIM,2026-08-15T18:21:33.835675+00:00,c5f39230-52ad-49e1-820e-1bbad180f1ec,1.3076779,0101000020E61000006B3986B652F15940393B63A93FECF43F,103.7706734,Holy Cross Church,,,,BMSG,Nursing Pod,2026-08-15T18:21:33.835675+00:00
11 LIM CHU KANG ROAD MASJID PUSARA AMAN SINGAPORE 719452,HIGH,2026-08-15T18:21:33.835675+00:00,8364347b-24a2-4d99-9fcf-7a0fb1939428,1.37279329,0101000020E61000000BE8A4AD6FEC59402D41061AF6F6F53F,103.6943163,Pusara Aman Mosque,719452,,,BMSG,Nursing Pod,2026-08-15T18:21:33.835675+00:00
313 Orchard Rd Singapore 238895,NOMINATIM,2026-08-15T18:21:33.835675+00:00,a2893c16-cce4-4012-a3e2-d502fb2bc2d4,1.3010188,0101000020E61000009DC0CF13AAF55940DAB2D716F9D0F43F,103.8385057,313@Somerset,,,,SassyMama,Nursing Room,2026-08-15T18:21:33.835675+00:00
370 ALEXANDRA ROAD ANCHORPOINT SHOPPING CENTRE SINGAPORE 159953,HIGH,2026-08-15T18:21:33.835675+00:00,ce025f8f-c1d0-4071-b8e5-d950928de965,1.28861469,0101000020E61000001DB8834885F35940322400702A9EF43F,103.80500996,Anchorpoint Shopping Centre,159953,,,SassyMama,Nursing Room,2026-08-15T18:21:33.835675+00:00
53 Ang Mo Kio Ave 3 Singapore 569933,NOMINATIM,2026-08-15T18:21:33.835675+00:00,cd4885fb-e011-4ba2-a963-3736894a4f7f,1.3697957,0101000020E61000002E71E48148F659400C395BE5AEEAF53F,103.8481755,Ang Mo Kio Hub,,,,SassyMama,Nursing Room,2026-08-15T18:21:33.835675+00:00
12 Kallang Ave Singapore 339511,NOMINATIM,2026-08-15T18:21:33.835675+00:00,06a142fe-aed5-427d-961b-189c4617ef3e,1.3097673,0101000020E6100000DB2D6E4848F759406DEC6D8ECEF4F43F,103.8637868,Aperia Kallang Mall,,,,SassyMama,Nursing Room,2026-08-15T18:21:33.835675+00:00
311 New Upper Changi Rd Singapore 467360,NOMINATIM,2026-08-15T18:21:33.835675+00:00,1f0bf352-5e46-45dc-875f-a993a1028ae6,1.3248627,0101000020E61000006382757778FB59404D0B033BA332F53F,103.9292277,Bedok Mall,,,,SassyMama,Nursing Room,2026-08-15T18:21:33.835675+00:00
200 Victoria St Singapore 188021,NOMINATIM,2026-08-15T18:21:33.835675+00:00,a57db61d-cb62-4b57-939e-dcdabcb1443a,1.2988992,0101000020E610000041C52753BBF659401BCF0C874AC8F43F,103.8551834,Bugis Junction,,,,SassyMama,Nursing Room,2026-08-15T18:21:33.835675+00:00
1 JELEBU ROAD BUKIT PANJANG LIBRARY SINGAPORE 677743,HIGH,2026-08-15T18:21:33.835675+00:00,964237bb-0afe-4894-95ee-d28009af9863,1.37948804,0101000020E61000002465B81FEFF05940FAAF220D6212F63F,103.76459497,Bukit Panjang Plaza,677743,,,SassyMama,Nursing Room,2026-08-15T18:21:33.835675+00:00
1 Jalan Anak Bukit Singapore 588996,NOMINATIM,2026-08-15T18:21:33.835675+00:00,a4bc19b1-7006-4c9b-a269-3eb3a0a5b64f,1.3384959,0101000020E610000076E4A320D3F15940094845AD7A6AF53F,103.7785112,Bukit Timah Plaza,,,,SassyMama,Nursing Room,2026-08-15T18:21:33.835675+00:00
1 WOODLANDS SQUARE CAUSEWAY POINT SINGAPORE 738099,HIGH,2026-08-15T18:21:33.835675+00:00,13a66804-f049-43c7-9c9d-30955628729d,1.43607007,0101000020E6100000527B73854DF259403B8DC49A24FAF63F,103.78598152,Causeway Point,738099,,,SassyMama,Nursing Room,2026-08-15T18:21:33.835675+00:00
6 Eu Tong Sen St Singapore 059817,NOMINATIM,2026-08-15T18:21:33.835675+00:00,a37d2a0e-22cc-4f7d-ad0d-011a17c655fd,1.2889856,0101000020E6100000301812E62CF659402F3D505DAF9FF43F,103.8464904,Central @ Clarke Quay,,,,SassyMama,Nursing Room,2026-08-15T18:21:33.835675+00:00
176 Orchard Rd Singapore 238843,NOMINATIM,2026-08-15T18:21:33.835675+00:00,56ea2d5d-3672-4b60-9612-312022a32b6a,1.3018631,0101000020E6100000515557F4BDF5594027E8E5666ED4F43F,103.8397189,Centrepoint,,,,SassyMama,Nursing Room,2026-08-15T18:21:33.835675+00:00
60 AIRPORT BOULEVARD METEOROLOGICAL SERVICE SINGAPORE SINGAPORE 819643,LOW_REVIEW,2026-08-15T18:21:33.835675+00:00,9254956c-34cb-4d9c-acbe-2580f6613422,1.35525176,0101000020E6100000431398C94AFF5940C7EDFA781CAFF53F,103.98893967,Changi Airport,819643,,,SassyMama,Nursing Room,2026-08-15T18:21:33.835675+00:00
5 Changi Business Park Central 1 Singapore 486038,NOMINATIM,2026-08-15T18:21:33.835675+00:00,65033699-7338-4b86-b9bb-8d8e8305d797,1.3345959,0101000020E61000003E84A7469EFD5940D002FE3A815AF53F,103.9627854,Changi City Point,,,,SassyMama,Nursing Room,2026-08-15T18:21:33.835675+00:00
133 NEW BRIDGE ROAD CHINATOWN POINT SINGAPORE 059413,HIGH,2026-08-15T18:21:33.835675+00:00,413ee801-818b-490b-aae3-05045110c528,1.28499883,0101000020E610000005A258840FF65940631B7BEE5A8FF43F,103.84469708,Chinatown Point,059413,,,SassyMama,Nursing Room,2026-08-15T18:21:33.835675+00:00
180 Kitchener Rd Singapore 208539,NOMINATIM,2026-08-15T18:21:33.835675+00:00,b21fd182-9b81-42d7-be0d-24f34cfe0a79,1.3115008,0101000020E610000058F66E3DD4F659406BD84A43E8FBF43F,103.8567041,City Square Mall,,,,SassyMama,Nursing Room,2026-08-15T18:21:33.835675+00:00
442 Orchard Rd Singapore 238879,NOMINATIM,2026-08-15T18:21:33.835675+00:00,1de3f1da-a760-452b-89cb-5dcf56de429a,1.3076686,0101000020E6100000896D41A500F559400219F0E835ECF43F,103.8281644,Claymore Connect,,,,SassyMama,Nursing Room,2026-08-15T18:21:33.835675+00:00
3155 Commonwealth Ave W Singapore 129588,NOMINATIM,2026-08-15T18:21:33.835675+00:00,5f4cfc28-aa22-4e6e-a1b5-657a403e6bd1,1.3151244,0101000020E61000008C6BD7DFEDF05940F7BE02E2BF0AF53F,103.7645187,Clementi Mall,,,,SassyMama,Nursing Room,2026-08-15T18:21:33.835675+00:00
1 Sengkang Square Singapore 545078,NOMINATIM,2026-08-15T18:21:33.835675+00:00,0f487aa9-efe0-4e07-9315-672aed1ec4d5,1.3920337,0101000020E6100000171E45E746F95940C5E00621C545F63F,103.8949526,Compass One,,,,SassyMama,Nursing Room,2026-08-15T18:21:33.835675+00:00
14 SCOTTS ROAD FAR EAST PLAZA SINGAPORE 228213,HIGH,2026-08-15T18:21:33.835675+00:00,709c6640-60af-4008-bf2c-b79b38e0c3e1,1.30717698,0101000020E6100000A8E707DD5CF559408EDDE36832EAF43F,103.83379293,Far East Plaza,228213,,,SassyMama,Nursing Room,2026-08-15T18:21:33.835675+00:00
583 Orchard Rd Singapore 238884,NOMINATIM,2026-08-15T18:21:33.835675+00:00,9002473b-f07d-4267-a729-de61102f4e88,1.3061105,0101000020E6100000A2EF6E6509F559403465A71FD4E5F43F,103.8286985,Forum The Shopping Mall,,,,SassyMama,Nursing Room,2026-08-15T18:21:33.835675+00:00
1 Fullerton Square Singapore 049178,NOMINATIM,2026-08-15T18:21:33.835675+00:00,e2595daf-b1f3-49fe-860e-9d0dec10ab5a,1.2862019,0101000020E61000004787D1BD98F6594058D988714894F43F,103.8530726,The Fullerton Hotel Singapore,,,,SassyMama,Nursing Room,2026-08-15T18:21:33.835675+00:00
1 KIM SENG PROMENADE BRIGHTON MONTESSORI CENTRES PTE. LTD. SINGAPORE 237994,LOW_REVIEW,2026-08-15T18:21:33.835675+00:00,acc8315e-77e7-41f6-9a03-fffbc1b32a04,1.29380235,0101000020E6100000768B88853BF55940080214186AB3F43F,103.83175791,Great World,237994,,,SassyMama,Nursing Room,2026-08-15T18:21:33.835675+00:00
90 HOUGANG AVENUE 10 CHENG SAN LIBRARY SINGAPORE 538766,LOW_REVIEW,2026-08-15T18:21:33.835675+00:00,5cfef56e-e478-4599-95a0-7a155c341b00,1.37253316,0101000020E6100000C148F96235F95940B9CAB453E5F5F53F,103.89388346,Hougang Mall,538766,,,SassyMama,Nursing Room,2026-08-15T18:21:33.835675+00:00
317 Alexandra Road Singapore 159965,NOMINATIM,2026-08-15T18:21:33.835675+00:00,10ac6160-68b0-4ba7-b544-882e8e89171e,1.2878737,0101000020E610000079AAE8B493F35940660EEE73219BF43F,103.8058903,IKEA,,,,SassyMama,Nursing Room,2026-08-15T18:21:33.835675+00:00
2 Orchard Turn Singapore 238801,NOMINATIM,2026-08-15T18:21:33.835675+00:00,529d43ab-c95f-434c-a079-ad328769e1d3,1.3042007,0101000020E6100000C9D00C3D3DF5594094B99E8D01DEF43F,103.8318627,ION Orchard,,,,SassyMama,Nursing Room,2026-08-15T18:21:33.835675+00:00
50 JURONG GATEWAY ROAD JEM SINGAPORE 608549,HIGH,2026-08-15T18:21:33.835675+00:00,437a1b0f-59f4-4e2d-9473-73b798bb0d74,1.33329334,0101000020E6100000AA8A00E191EF59401DC1F9662B55F53F,103.74327874,JEM,608549,,,SassyMama,Nursing Room,2026-08-15T18:21:33.835675+00:00
78 Airport Boulevard Singapore 819666,NOMINATIM,2026-08-15T18:21:33.835675+00:00,2ed1b1d9-748d-465b-be35-4908d66a2f05,1.3602243,0101000020E6100000034B64D556FF594086973B8E7AC3F53F,103.9896749,Jewel,,,,SassyMama,Nursing Room,2026-08-15T18:21:33.835675+00:00
9 BISHAN PLACE GOLDEN VILLAGE (GV BISHAN) SINGAPORE 579837,LOW_REVIEW,2026-08-15T18:21:33.835675+00:00,b92e4d9d-9f4e-460f-b949-9c2ca0d7c4e1,1.35042216,0101000020E610000084B9142B53F6594050FC6343549BF53F,103.84882619,Junction 8,579837,,,SassyMama,Nursing Room,2026-08-15T18:21:33.835675+00:00
17A Jurong Gateway Road Singapore 608513,NOMINATIM,2026-08-15T18:21:33.835675+00:00,4eb4e5f4-1dd3-4dfc-920f-94bc2f919f81,1.3358428,0101000020E6100000E9B6442EB8EF5940988D29B39C5FF53F,103.7456165,Jurong East Bus Interchange,,,,SassyMama,Nursing Room,2026-08-15T18:21:33.835675+00:00
1 Jurong West Central 2 Singapore 648886,NOMINATIM,2026-08-15T18:21:33.835675+00:00,b82dc24d-6ecf-40ba-a245-daa0a6fa18ca,1.3394964,0101000020E6100000E257ACE122ED594079C1F1C6936EF53F,103.705254,Jurong Point,,,,SassyMama,Nursing Room,2026-08-15T18:21:33.835675+00:00
11 TANJONG KATONG ROAD DNC (EDUCATION) PTE. LTD. SINGAPORE 437157,LOW_REVIEW,2026-08-15T18:21:33.835675+00:00,5adbdbde-8af5-48e5-b8ce-33362fa1a83b,1.31474239,0101000020E6100000B0CC685640F9594006B68C502F09F53F,103.89455185,KINEX,437157,,,SassyMama,Nursing Room,2026-08-15T18:21:33.835675+00:00
333A Orchard Rd Singapore 238897,NOMINATIM,2026-08-15T18:21:33.835675+00:00,52b482c3-7a03-48e4-96f8-7044b26edb92,1.302049,0101000020E6100000E3AAB2EF8AF55940CFA10C5531D5F43F,103.836605,Mandarin Gallery,,,,SassyMama,Nursing Room,2026-08-15T18:21:33.835675+00:00
6 RAFFLES BOULEVARD MARINA SQUARE SINGAPORE 039594,HIGH,2026-08-15T18:21:33.835675+00:00,6f98588a-7834-40aa-91fe-92451fb9809d,1.29185533,0101000020E6100000CB6483F1F2F65940ABD5537F70ABF43F,103.85857809,Marina Square,039594,,,SassyMama,Nursing Room,2026-08-15T18:21:33.835675+00:00
8A Marina Blvd Singapore 018984,NOMINATIM,2026-08-15T18:21:33.835675+00:00,a375d60c-eb21-46f6-8e72-f84e63c39757,1.2812488,0101000020E6100000066DCDB197F65940BFA0E0BDFE7FF43F,103.8530087,Marina Bay Link Mall,,,,SassyMama,Nursing Room,2026-08-15T18:21:33.835675+00:00
9 Raffles Blvd Singapore 039596,NOMINATIM,2026-08-15T18:21:33.835675+00:00,4834120a-5ac7-4b49-b8ca-62744aa90432,1.2928695,0101000020E6100000FAC962AC00F7594017EFC7ED97AFF43F,103.8594161,Millennia Walk,,,,SassyMama,Nursing Room,2026-08-15T18:21:33.835675+00:00
1 SAINT ANDREW'S ROAD NATIONAL GALLERY SINGAPORE SINGAPORE 178957,HIGH,2026-08-15T18:21:33.835675+00:00,29526066-f22c-430b-848e-aa64a5beea05,1.29065534,0101000020E610000088FE536282F659403BA04D3686A6F43F,103.85170801,National Gallery Singapore,178957,,,SassyMama,Nursing Room,2026-08-15T18:21:33.835675+00:00
23 Serangoon Central Singapore 556083,NOMINATIM,2026-08-15T18:21:33.835675+00:00,a1fc4272-245b-4bb5-bb99-408988e6bc27,1.3507085,0101000020E610000038E5C061D8F7594012DE1E84809CF53F,103.8725819,NEX,,,,SassyMama,Nursing Room,2026-08-15T18:21:33.835675+00:00
391A ORCHARD ROAD NGEE ANN CITY SINGAPORE 238873,HIGH,2026-08-15T18:21:33.835675+00:00,f6c46a14-ab21-48e3-a4ac-8cbbc3dc6516,1.30242417,0101000020E6100000FD9B68556BF55940A1E17CBABAD6F43F,103.83467612,Ngee Ann City,238873,,,SassyMama,Nursing Room,2026-08-15T18:21:33.835675+00:00
930 Yishun Ave 2 Singapore 769098,NOMINATIM,2026-08-15T18:21:33.835675+00:00,40f39ad9-8017-42ea-9fec-3dcad7937e89,1.428813,0101000020E6100000F0CE90E07CF55940299831056BDCF63F,103.8357469,Northpoint City,,,,SassyMama,Nursing Room,2026-08-15T18:21:33.835675+00:00
1 RAFFLES PLACE ONE RAFFLES PLACE SINGAPORE 048616,HIGH,2026-08-15T18:21:33.835675+00:00,5fada42b-dc84-4781-8cec-b00d95f658e1,1.28434955,0101000020E61000005AB8FBF877F6594057911A1CB28CF43F,103.85107255,One Raffles Place,048616,,,SassyMama,Nursing Room,2026-08-15T18:21:33.835675+00:00
6A Shenton Way Singapore 068815,NOMINATIM,2026-08-15T18:21:33.835675+00:00,7fd6268f-5621-42e2-a5f9-76b1b8535d6d,1.2770527,0101000020E610000050C2F1214DF65940C64BDCCFCE6EF43F,103.8484578,OUE Downtown Gallery,,,,SassyMama,Nursing Room,2026-08-15T18:21:33.835675+00:00
390 Orchard Rd Singapore 238871,NOMINATIM,2026-08-15T18:21:33.835675+00:00,cd343d69-8ddc-4e33-b05a-88d552b76309,1.3067203,0101000020E61000007C838A0519F55940174F988B53E8F43F,103.8296522,Palais Renaissance,,,,SassyMama,Nursing Room,2026-08-15T18:21:33.835675+00:00
68 ORCHARD ROAD GOLDEN VILLAGE (GV PLAZA) SINGAPORE 238839,LOW_REVIEW,2026-08-15T18:21:33.835675+00:00,71db8462-15a1-4048-9e83-312f570bda17,1.30082072,0101000020E61000004EC10A9515F65940912A876229D0F43F,103.84506727,Plaza Singapura,238839,,,SassyMama,Nursing Room,2026-08-15T18:21:33.835675+00:00
8 Sentosa Gateway Singapore 098269,NOMINATIM,2026-08-15T18:21:33.835675+00:00,04838416-ebe5-4f5f-89c0-f43a869eb594,1.2556955,0101000020E6100000D16A92697EF45940F9BF232A5417F43F,103.8202156,Resorts World Sentosa,,,,SassyMama,Nursing Room,2026-08-15T18:21:33.835675+00:00
80 MANDAI LAKE ROAD SINGAPORE ZOO SINGAPORE 729826,LOW_REVIEW,2026-08-15T18:21:33.835675+00:00,0973e839-9dc3-4a6d-a068-8ccfd6779573,1.40559439,0101000020E6100000BA4A47C788F259407B0DC18B507DF63F,103.78959829,River Wonders,729826,,,SassyMama,Nursing Room,2026-08-15T18:21:33.835675+00:00
6 SCOTTS ROAD SCOTTS SQUARE SINGAPORE 228209,HIGH,2026-08-15T18:21:33.835675+00:00,1a3ea423-a5e1-4b9b-8bb7-32d4325e1682,1.30579943,0101000020E61000007795921851F5594071546BF18DE4F43F,103.83307471,Scotts Square,228209,,,SassyMama,Nursing Room,2026-08-15T18:21:33.835675+00:00
Sentosa Island Singapore,NOMINATIM,2026-08-15T18:21:33.835675+00:00,22ae9c08-fa57-4011-92cb-4a2b4d0a75b4,1.2489459,0101000020E6100000A8B7504365F5594095922FB2AEFBF33F,103.8343056,Sentosa Island (Festive Walk / Galleria),,,,SassyMama,Nursing Room,2026-08-15T18:21:33.835675+00:00
1 Scotts Rd Singapore 228208,NOMINATIM,2026-08-15T18:21:33.835675+00:00,2cbbc249-430d-44d8-85bb-e3cad37afa17,1.3066335,0101000020E61000005CC3B1D334F559406FBA6587F8E7F43F,103.8313493,Shaw Centre,,,,SassyMama,Nursing Room,2026-08-15T18:21:33.835675+00:00
8 Bayfront Ave Singapore 018955,NOMINATIM,2026-08-15T18:21:33.835675+00:00,c5306c35-0195-4486-80cb-b1b19652c539,1.2777305,0101000020E610000025E1E764CEF65940AEA069899571F43F,103.8563473,The Shoppes at Marina Bay Sands,,,,SassyMama,Nursing Room,2026-08-15T18:21:33.835675+00:00
45 MAXWELL ROAD COMPETITION AND CONSUMER COMMISSION OF SINGAPORE (CCS) SINGAPORE 069118,LOW_REVIEW,2026-08-15T18:21:33.835675+00:00,c15d1608-bc09-457f-825f-81d40e0f387d,1.27955128,0101000020E6100000AF7F12E917F659405E18E2C20A79F43F,103.84520938,Singapore City Gallery,069118,,,SassyMama,Nursing Room,2026-08-15T18:21:33.835675+00:00
80 Mandai Lake Rd Singapore 729826,NOMINATIM,2026-08-15T18:21:33.835675+00:00,5c13ed8e-c0f4-445e-8f5f-4a3a9110e67d,1.4037076,0101000020E610000041333E82D1F25940AD58B2199675F63F,103.7940374,Singapore Zoo,,,,SassyMama,Nursing Room,2026-08-15T18:21:33.835675+00:00
10 EUNOS ROAD 8 GENERAL POST OFFICE SINGAPORE 408600,LOW_REVIEW,2026-08-15T18:21:33.835675+00:00,f29cccad-1ce9-439f-b4e1-5520509b5ee1,1.31893133,0101000020E6100000A01250353FF959406F3007BC571AF53F,103.89448293,SingPost Centre,408600,,,SassyMama,Nursing Room,2026-08-15T18:21:33.835675+00:00
3 Temasek Boulevard Singapore 038983,NOMINATIM,2026-08-15T18:21:33.835675+00:00,f3664916-1aa9-4576-93ea-b7fc8c1c9a92,1.2951505,0101000020E61000005B8B602D08F75940685E0EBBEFB8F43F,103.8598741,Suntec City Shopping Mall,,,,SassyMama,Nursing Room,2026-08-15T18:21:33.835675+00:00
391 Orchard Rd Singapore 238872,NOMINATIM,2026-08-15T18:21:33.835675+00:00,fd728208-573e-4a6f-a1bf-053cdaa27a21,1.3022662,0101000020E6100000BE8EEED668F55940A8FA3A1515D6F43F,103.8345239,Takashimaya (Ngee Ann City wing),,,,SassyMama,Nursing Room,2026-08-15T18:21:33.835675+00:00
4 TAMPINES CENTRAL 5 GOLDEN VILLAGE (GV TAMPINES) SINGAPORE 529510,LOW_REVIEW,2026-08-15T18:21:33.835675+00:00,5400eb45-1961-4433-8ff7-11ae64c0e75a,1.35250468,0101000020E6100000F9EEE6AD75FC59405D0868F3DBA3F53F,103.94468257,Tampines Mall,529510,,,SassyMama,Nursing Room,2026-08-15T18:21:33.835675+00:00
10 Tampines Central 1 Singapore 529536,NOMINATIM,2026-08-15T18:21:33.835675+00:00,334eaefe-7507-4f38-8be7-3cdc9d100f06,1.35422,0101000020E610000013494FEC7CFC5940096D3997E2AAF53F,103.9451247,Tampines 1,,,,SassyMama,Nursing Room,2026-08-15T18:21:33.835675+00:00
163 TANGLIN ROAD TANGLIN MALL SINGAPORE 247933,HIGH,2026-08-15T18:21:33.835675+00:00,40eed81d-e84d-4197-8e29-54503721f513,1.30484344,0101000020E6100000E4901201BAF459406B855A84A3E0F43F,103.82385279,Tanglin Mall,247933,,,SassyMama,Nursing Room,2026-08-15T18:21:33.835675+00:00
302 Tiong Bahru Rd Singapore 168732,NOMINATIM,2026-08-15T18:21:33.835675+00:00,0c0b2411-f6cb-4440-b440-0274a48573e4,1.2863599,0101000020E6100000B3791C06F3F459405C2C561EEE94F43F,103.827333,Tiong Bahru Plaza,,,,SassyMama,Nursing Room,2026-08-15T18:21:33.835675+00:00
491 RIVER VALLEY ROAD VALLEY POINT SINGAPORE 248371,LOW_REVIEW,2026-08-15T18:21:33.835675+00:00,cba65651-e8e8-4ab8-92f7-e5ba98070f0a,1.29303601,0101000020E610000008A318B3EEF459406BE0C98646B0F43F,103.82706907,Valley Point Shopping Centre,248371,,,SassyMama,Nursing Room,2026-08-15T18:21:33.835675+00:00
238 Thomson Road Singapore 307683,NOMINATIM,2026-08-15T18:21:33.835675+00:00,9d71b83b-652e-4fca-a8c4-b2aceb674db4,1.3201525,0101000020E610000098C0ADBBF9F55940E5B8533A581FF53F,103.8433675,Velocity @ Novena,,,,SassyMama,Nursing Room,2026-08-15T18:21:33.835675+00:00
154 WEST COAST ROAD MINDCHAMPS PRESCHOOL @ WEST COAST PLAZA PTE. LIMITED SINGAPORE 127371,LOW_REVIEW,2026-08-15T18:21:33.835675+00:00,9e649b9a-a018-46e8-aeb5-92dd48edb9d8,1.30362458,0101000020E6100000E74CE5D203F159402C645171A5DBF43F,103.76585839,West Coast Plaza,127371,,,SassyMama,Nursing Room,2026-08-15T18:21:33.835675+00:00
1 Maritime Square Singapore 099253,NOMINATIM,2026-08-15T18:21:33.835675+00:00,875c7251-5140-4d1c-9321-1d40641bcf0d,1.2636487,0101000020E6100000AB532F0961F459406C2002B3E737F43F,103.8184226,Harbourfront Centre,,2026-08-16T05:17:15.995+00:00,,SassyMama,Nursing Room,2026-08-15T18:21:33.835675+00:00
501 Orchard Rd Singapore 238880,NOMINATIM,2026-08-15T18:21:33.835675+00:00,14aeef8f-358b-4bcf-86aa-577a20ea81ab,1.3046691,0101000020E61000000F23298E28F55940C8A0C9B4ECDFF43F,103.8306003,Wheelock Place,,,,SassyMama,Nursing Room,2026-08-15T18:21:33.835675+00:00
435 Orchard Rd Singapore 238877,NOMINATIM,2026-08-15T18:21:33.835675+00:00,32f7d197-b404-4382-838e-13067e01fa1d,1.3036967,0101000020E6100000648A839554F5594031732612F1DBF43F,103.8332876,Wisma Atria,,,,SassyMama,Nursing Room,2026-08-15T18:21:33.835675+00:00
301 Upper Thomson Rd Singapore 574408,NOMINATIM,2026-08-15T18:21:33.835675+00:00,6da692b7-871f-4d8c-aef3-917f2517bd87,1.3545979,0101000020E6100000DD47C9062DF5594038AFFBD86EACF53F,103.8308732,Thomson Plaza,,,,SassyMama,Nursing Room,2026-08-15T18:21:33.835675+00:00
18 Marina Gardens Drive Singapore 018953,MANUAL,2026-08-18T15:21:57.184875+00:00,f92642b4-111f-477b-8a90-ae909ea162af,1.28241423,0101000020E6100000C19FFB8669F759403B7187C7C484F43F,103.86581587,Gardens by the Bay — Golden Garden,018953,,,USER_SUBMITTED,Nursing Room,2026-08-18T15:21:57.184875+00:00
18 Marina Gardens Drive Singapore 018953,MANUAL,2026-08-18T15:21:57.791304+00:00,d6bb5785-06a5-49a8-9933-b4033d7ace25,1.28360559,0101000020E6100000B6A391185FF7594075A04104A689F43F,103.8651792,Gardens by the Bay — The Canopy,018953,,,USER_SUBMITTED,Nursing Room,2026-08-18T15:21:57.791304+00:00
18 Marina Gardens Drive Singapore 018953,MANUAL,2026-08-18T15:21:58.277756+00:00,de33f189-c91d-4d44-9dd0-069cad63ba5c,1.28387301,0101000020E61000006677CF706CF7594024DB216EBE8AF43F,103.86599369,Gardens by the Bay — Cloud Forest,018953,,,USER_SUBMITTED,Nursing Room,2026-08-18T15:21:58.277756+00:00
18 Marina Gardens Drive Singapore 018953,MANUAL,2026-08-18T15:21:58.795608+00:00,9fe9529e-c7e4-4e9e-b485-cb7e9ee9cd0e,1.28458859,0101000020E6100000166EA28856F7594063F791C3AC8DF43F,103.8646566,Gardens by the Bay — Floral Fantasy,018953,,,USER_SUBMITTED,Nursing Room,2026-08-18T15:21:58.795608+00:00
18 Marina Gardens Drive Singapore 018953,MANUAL,2026-08-18T15:21:59.21589+00:00,8d91c19b-f193-4986-8407-a1c8998986bb,1.28188298,0101000020E6100000A6B11C9A4AF75940FD3D21BB9782F43F,103.86392834,Gardens by the Bay — Supertree Food Hall,018953,,,USER_SUBMITTED,Nursing Room,2026-08-18T15:21:59.21589+00:00
18 Marina Gardens Drive Singapore 018953,MANUAL,2026-08-18T15:21:59.626415+00:00,9c3aa40b-10f3-4bc4-ad4b-34f1354418ee,1.28287337,0101000020E61000004850032F7FF759406F165B39A686F43F,103.86713767,Gardens by the Bay — Children's Garden,018953,,,USER_SUBMITTED,Nursing Room,2026-08-18T15:21:59.626415+00:00
18 Marina Gardens Drive Singapore 018953,MANUAL,2026-08-18T15:22:00.068786+00:00,04ba0ba7-c875-47db-9ba2-9beac787d004,1.27950994,0101000020E6100000C7C8AE1F2EF7594093809369DF78F43F,103.86219017,Gardens by the Bay — The Meadow,018953,,,USER_SUBMITTED,Nursing Room,2026-08-18T15:22:00.068786+00:00
,,2026-08-18T15:30:27.929472+00:00,35980500-f7dc-4980-a963-d0102db0628b,1.31756116,0101000020E610000045D0843C24F95940BB969402BB14F53F,103.89283669,Paya Lebar Square,409051,,,USER_SUBMITTED,Nursing Room,2026-08-18T15:30:27.929472+00:00
